type,dataset,slot_time,instance_number,month,energy_instance_reference,energy_production_function,exec_time,status,obj_value,obj_bound
HEURISTIC_MEDIAN_12_LAD,B,96,1,Dec,2,constant,0:00:47.917494,OPTIMAL,122404762537,0
HEURISTIC_MEDIAN_12_LAD,B,96,1,Dec,2,exponential,0:00:46.302492,OPTIMAL,122350902025,0
HEURISTIC_MEDIAN_12_LAD,B,96,1,Dec,2,linear,0:00:46.681400,OPTIMAL,122406521481,0
HEURISTIC_MEDIAN_12_LAD,B,96,1,Dec,2,quadratic,0:00:45.560777,OPTIMAL,122428817149,0
HEURISTIC_MEDIAN_12_LAD,B,96,1,Jul,2,constant,0:00:43.154455,OPTIMAL,122402443111,0
HEURISTIC_MEDIAN_12_LAD,B,96,1,Jul,2,exponential,0:00:43.514269,OPTIMAL,122441572327,0
HEURISTIC_MEDIAN_12_LAD,B,96,1,Jul,2,linear,0:01:03.748038,OPTIMAL,122411732015,0
HEURISTIC_MEDIAN_12_LAD,B,96,1,Jul,2,quadratic,0:00:43.082591,OPTIMAL,122373067589,0
HEURISTIC_MEDIAN_12_LAD,B,96,1,Sep,2,constant,0:00:46.458104,OPTIMAL,122412701216,0
HEURISTIC_MEDIAN_12_LAD,B,96,1,Sep,2,exponential,0:00:47.904266,OPTIMAL,122487610905,0
HEURISTIC_MEDIAN_12_LAD,B,96,1,Sep,2,linear,0:00:45.792698,OPTIMAL,122431596677,0
HEURISTIC_MEDIAN_12_LAD,B,96,1,Sep,2,quadratic,0:01:05.899376,OPTIMAL,122372529841,0
HEURISTIC_MEDIAN_12_LAD,B,96,2,Dec,2,constant,0:00:39.472387,OPTIMAL,122576468535,0
HEURISTIC_MEDIAN_12_LAD,B,96,2,Dec,2,exponential,0:00:37.697169,OPTIMAL,122723444768,0
HEURISTIC_MEDIAN_12_LAD,B,96,2,Dec,2,linear,0:00:38.506357,OPTIMAL,122663132391,0
HEURISTIC_MEDIAN_12_LAD,B,96,2,Dec,2,quadratic,0:00:37.473839,OPTIMAL,122767485189,0
HEURISTIC_MEDIAN_12_LAD,B,96,2,Jul,2,constant,0:00:33.753290,OPTIMAL,122704865483,0
HEURISTIC_MEDIAN_12_LAD,B,96,2,Jul,2,exponential,0:00:36.059977,OPTIMAL,122581011702,0
HEURISTIC_MEDIAN_12_LAD,B,96,2,Jul,2,linear,0:00:34.341203,OPTIMAL,122559791605,0
HEURISTIC_MEDIAN_12_LAD,B,96,2,Jul,2,quadratic,0:00:35.997591,OPTIMAL,122699419770,0
HEURISTIC_MEDIAN_12_LAD,B,96,2,Sep,2,constant,0:00:35.782598,OPTIMAL,122659984975,0
HEURISTIC_MEDIAN_12_LAD,B,96,2,Sep,2,exponential,0:00:34.652363,OPTIMAL,122685605007,0
HEURISTIC_MEDIAN_12_LAD,B,96,2,Sep,2,linear,0:00:34.902218,OPTIMAL,122754878519,0
HEURISTIC_MEDIAN_12_LAD,B,96,2,Sep,2,quadratic,0:00:36.604918,OPTIMAL,122600403170,0
HEURISTIC_MEDIAN_12_LAD,B,96,3,Dec,2,constant,0:00:45.870675,OPTIMAL,122417355154,0
HEURISTIC_MEDIAN_12_LAD,B,96,3,Dec,2,exponential,0:01:33.107464,OPTIMAL,122357885980,0
HEURISTIC_MEDIAN_12_LAD,B,96,3,Dec,2,linear,0:00:48.152753,OPTIMAL,122503296072,0
HEURISTIC_MEDIAN_12_LAD,B,96,3,Dec,2,quadratic,0:00:44.720343,OPTIMAL,122420080124,0
HEURISTIC_MEDIAN_12_LAD,B,96,3,Jul,2,constant,0:00:42.766392,OPTIMAL,122415241113,0
HEURISTIC_MEDIAN_12_LAD,B,96,3,Jul,2,exponential,0:01:34.318995,OPTIMAL,122320133954,0
HEURISTIC_MEDIAN_12_LAD,B,96,3,Jul,2,linear,0:00:42.385196,OPTIMAL,122464774303,0
HEURISTIC_MEDIAN_12_LAD,B,96,3,Jul,2,quadratic,0:01:36.472943,OPTIMAL,122323565108,0
HEURISTIC_MEDIAN_12_LAD,B,96,3,Sep,2,constant,0:00:45.222207,OPTIMAL,122415851131,0
HEURISTIC_MEDIAN_12_LAD,B,96,3,Sep,2,exponential,0:00:42.518492,OPTIMAL,122468733613,0
HEURISTIC_MEDIAN_12_LAD,B,96,3,Sep,2,linear,0:00:43.591652,OPTIMAL,122572075549,0
HEURISTIC_MEDIAN_12_LAD,B,96,3,Sep,2,quadratic,0:01:40.895099,OPTIMAL,122311148777,0
HEURISTIC_MEDIAN_12_LAD,B,96,4,Dec,2,constant,0:00:47.915997,OPTIMAL,122535678115,0
HEURISTIC_MEDIAN_12_LAD,B,96,4,Dec,2,exponential,0:00:47.087054,OPTIMAL,122839501835,0
HEURISTIC_MEDIAN_12_LAD,B,96,4,Dec,2,linear,0:00:48.059539,OPTIMAL,122540154806,0
HEURISTIC_MEDIAN_12_LAD,B,96,4,Dec,2,quadratic,0:00:45.766611,OPTIMAL,122538406744,0
HEURISTIC_MEDIAN_12_LAD,B,96,4,Jul,2,constant,0:00:39.355493,OPTIMAL,122536272327,0
HEURISTIC_MEDIAN_12_LAD,B,96,4,Jul,2,exponential,0:00:37.826254,OPTIMAL,122542581830,0
HEURISTIC_MEDIAN_12_LAD,B,96,4,Jul,2,linear,0:00:37.718735,OPTIMAL,122538809619,0
HEURISTIC_MEDIAN_12_LAD,B,96,4,Jul,2,quadratic,0:00:39.114450,OPTIMAL,122540196573,0
HEURISTIC_MEDIAN_12_LAD,B,96,4,Sep,2,constant,0:00:43.053915,OPTIMAL,122580396993,0
HEURISTIC_MEDIAN_12_LAD,B,96,4,Sep,2,exponential,0:00:39.572217,OPTIMAL,122449977656,0
HEURISTIC_MEDIAN_12_LAD,B,96,4,Sep,2,linear,0:00:41.487294,OPTIMAL,122539231018,0
HEURISTIC_MEDIAN_12_LAD,B,96,4,Sep,2,quadratic,0:00:37.171284,OPTIMAL,122540499476,0
HEURISTIC_MEDIAN_12_LAD,B,96,5,Dec,2,constant,0:00:47.938037,OPTIMAL,122482445049,0
HEURISTIC_MEDIAN_12_LAD,B,96,5,Dec,2,linear,0:00:48.642395,OPTIMAL,122555604342,0
HEURISTIC_MEDIAN_12_LAD,B,96,5,Dec,2,quadratic,0:00:45.544700,OPTIMAL,122545524904,0
HEURISTIC_MEDIAN_12_LAD,B,96,5,Jul,2,constant,0:00:36.733662,OPTIMAL,122514059057,0
HEURISTIC_MEDIAN_12_LAD,B,96,5,Jul,2,linear,0:00:36.377076,OPTIMAL,122502731613,0
HEURISTIC_MEDIAN_12_LAD,B,96,5,Jul,2,quadratic,0:00:40.692665,OPTIMAL,122552894102,0
HEURISTIC_MEDIAN_12_LAD,B,96,5,Sep,2,constant,0:00:41.452165,OPTIMAL,122483429528,0
HEURISTIC_MEDIAN_12_LAD,B,96,5,Sep,2,exponential,0:00:38.550476,OPTIMAL,122421687235,0
HEURISTIC_MEDIAN_12_LAD,B,96,5,Sep,2,linear,0:00:38.192013,OPTIMAL,122525886771,0
HEURISTIC_MEDIAN_12_LAD,B,96,5,Sep,2,quadratic,0:00:38.645363,OPTIMAL,122538054749,0
HEURISTIC_MEDIAN_12_LSD,B,96,1,Dec,2,constant,0:00:49.080805,OPTIMAL,125254311615,0
HEURISTIC_MEDIAN_12_LSD,B,96,1,Dec,2,exponential,0:01:09.116377,OPTIMAL,125316381646,0
HEURISTIC_MEDIAN_12_LSD,B,96,1,Dec,2,linear,0:00:46.446026,OPTIMAL,125182463107,0
HEURISTIC_MEDIAN_12_LSD,B,96,1,Dec,2,quadratic,0:01:36.581203,OPTIMAL,125025198116,0
HEURISTIC_MEDIAN_12_LSD,B,96,1,Jul,2,constant,0:00:37.264412,OPTIMAL,125273961107,0
HEURISTIC_MEDIAN_12_LSD,B,96,1,Jul,2,exponential,0:00:52.065282,OPTIMAL,125228783157,0
HEURISTIC_MEDIAN_12_LSD,B,96,1,Jul,2,linear,0:00:37.408641,OPTIMAL,125240884028,0
HEURISTIC_MEDIAN_12_LSD,B,96,1,Jul,2,quadratic,0:00:38.360439,OPTIMAL,125245807885,0
HEURISTIC_MEDIAN_12_LSD,B,96,1,Sep,2,constant,0:00:57.815568,OPTIMAL,125265950155,0
HEURISTIC_MEDIAN_12_LSD,B,96,1,Sep,2,exponential,0:00:45.763325,OPTIMAL,125225659336,0
HEURISTIC_MEDIAN_12_LSD,B,96,1,Sep,2,linear,0:00:39.240386,OPTIMAL,125226097041,0
HEURISTIC_MEDIAN_12_LSD,B,96,1,Sep,2,quadratic,0:00:38.253881,OPTIMAL,125244795355,0
HEURISTIC_MEDIAN_12_LSD,B,96,2,Dec,2,constant,0:00:47.489493,OPTIMAL,125332367226,0
HEURISTIC_MEDIAN_12_LSD,B,96,2,Dec,2,exponential,0:00:47.759231,OPTIMAL,125261378948,0
HEURISTIC_MEDIAN_12_LSD,B,96,2,Dec,2,linear,0:00:45.792119,OPTIMAL,125299153096,0
HEURISTIC_MEDIAN_12_LSD,B,96,2,Dec,2,quadratic,0:00:47.450349,OPTIMAL,125295867048,0
HEURISTIC_MEDIAN_12_LSD,B,96,2,Jul,2,constant,0:00:40.808706,OPTIMAL,125290637959,0
HEURISTIC_MEDIAN_12_LSD,B,96,2,Jul,2,exponential,0:00:47.729676,OPTIMAL,125320399672,0
HEURISTIC_MEDIAN_12_LSD,B,96,2,Jul,2,linear,0:00:41.796608,OPTIMAL,125271422408,0
HEURISTIC_MEDIAN_12_LSD,B,96,2,Jul,2,quadratic,0:00:43.667654,OPTIMAL,125317953098,0
HEURISTIC_MEDIAN_12_LSD,B,96,2,Sep,2,constant,0:00:44.869937,OPTIMAL,125429467327,0
HEURISTIC_MEDIAN_12_LSD,B,96,2,Sep,2,exponential,0:00:42.674056,OPTIMAL,125307205676,0
HEURISTIC_MEDIAN_12_LSD,B,96,2,Sep,2,linear,0:00:48.873303,OPTIMAL,125293514333,0
HEURISTIC_MEDIAN_12_LSD,B,96,2,Sep,2,quadratic,0:00:43.764899,OPTIMAL,125346174621,0
HEURISTIC_MEDIAN_12_LSD,B,96,3,Dec,2,constant,0:00:48.605368,OPTIMAL,125112569450,0
HEURISTIC_MEDIAN_12_LSD,B,96,3,Dec,2,exponential,0:00:46.971880,OPTIMAL,125242770906,0
HEURISTIC_MEDIAN_12_LSD,B,96,3,Dec,2,linear,0:01:34.816323,OPTIMAL,125002127089,0
HEURISTIC_MEDIAN_12_LSD,B,96,3,Dec,2,quadratic,0:01:42.974288,OPTIMAL,125120095643,0
HEURISTIC_MEDIAN_12_LSD,B,96,3,Jul,2,constant,0:00:38.203972,OPTIMAL,125232495383,0
HEURISTIC_MEDIAN_12_LSD,B,96,3,Jul,2,exponential,0:00:47.345807,OPTIMAL,125140471462,0
HEURISTIC_MEDIAN_12_LSD,B,96,3,Jul,2,linear,0:00:40.208836,OPTIMAL,125234956629,0
HEURISTIC_MEDIAN_12_LSD,B,96,3,Jul,2,quadratic,0:00:45.737331,OPTIMAL,125239963271,0
HEURISTIC_MEDIAN_12_LSD,B,96,3,Sep,2,constant,0:00:39.697055,OPTIMAL,125233123130,0
HEURISTIC_MEDIAN_12_LSD,B,96,3,Sep,2,exponential,0:00:44.532810,OPTIMAL,125144920069,0
HEURISTIC_MEDIAN_12_LSD,B,96,3,Sep,2,linear,0:00:43.160721,OPTIMAL,125235397877,0
HEURISTIC_MEDIAN_12_LSD,B,96,3,Sep,2,quadratic,0:00:39.371155,OPTIMAL,125177710513,0
HEURISTIC_MEDIAN_12_LSD,B,96,4,Dec,2,constant,0:00:41.058759,OPTIMAL,125030290425,0
HEURISTIC_MEDIAN_12_LSD,B,96,4,Dec,2,exponential,0:01:01.597775,OPTIMAL,124817499132,0
HEURISTIC_MEDIAN_12_LSD,B,96,4,Dec,2,linear,0:00:38.253579,OPTIMAL,125032018058,0
HEURISTIC_MEDIAN_12_LSD,B,96,4,Dec,2,quadratic,0:01:00.566419,OPTIMAL,124880062168,0
HEURISTIC_MEDIAN_12_LSD,B,96,4,Jul,2,constant,0:00:32.819846,OPTIMAL,125058557538,0
HEURISTIC_MEDIAN_12_LSD,B,96,4,Jul,2,exponential,0:01:00.490272,OPTIMAL,124794782365,0
HEURISTIC_MEDIAN_12_LSD,B,96,4,Jul,2,linear,0:00:38.491989,OPTIMAL,124984490237,0
HEURISTIC_MEDIAN_12_LSD,B,96,4,Jul,2,quadratic,0:00:37.745478,OPTIMAL,125009692086,0
HEURISTIC_MEDIAN_12_LSD,B,96,4,Sep,2,constant,0:00:34.776563,OPTIMAL,124965610423,0
HEURISTIC_MEDIAN_12_LSD,B,96,4,Sep,2,exponential,0:00:38.988577,OPTIMAL,125014274206,0
HEURISTIC_MEDIAN_12_LSD,B,96,4,Sep,2,linear,0:00:36.328379,OPTIMAL,125150768426,0
HEURISTIC_MEDIAN_12_LSD,B,96,4,Sep,2,quadratic,0:00:56.446010,OPTIMAL,124854811922,0
HEURISTIC_MEDIAN_12_LSD,B,96,5,Dec,2,constant,0:01:44.361590,OPTIMAL,124924631201,0
HEURISTIC_MEDIAN_12_LSD,B,96,5,Dec,2,linear,0:01:39.171620,OPTIMAL,124933061362,0
HEURISTIC_MEDIAN_12_LSD,B,96,5,Dec,2,quadratic,0:00:48.253419,OPTIMAL,125178399547,0
HEURISTIC_MEDIAN_12_LSD,B,96,5,Jul,2,constant,0:01:36.122499,OPTIMAL,124930814320,0
HEURISTIC_MEDIAN_12_LSD,B,96,5,Jul,2,linear,0:00:45.866940,OPTIMAL,125113521512,0
HEURISTIC_MEDIAN_12_LSD,B,96,5,Jul,2,quadratic,0:00:46.146430,OPTIMAL,125051880605,0
HEURISTIC_MEDIAN_12_LSD,B,96,5,Sep,2,constant,0:01:36.843816,OPTIMAL,124962731210,0
HEURISTIC_MEDIAN_12_LSD,B,96,5,Sep,2,linear,0:01:38.464853,OPTIMAL,124973160143,0
HEURISTIC_MEDIAN_12_LSD,B,96,5,Sep,2,quadratic,0:01:29.806569,OPTIMAL,124933044281,0
HEURISTIC_MEDIAN_24_LAD,B,96,1,Dec,2,constant,0:02:02.411355,OPTIMAL,125926588976,0
HEURISTIC_MEDIAN_24_LAD,B,96,1,Dec,2,exponential,0:01:52.997163,OPTIMAL,125912192910,0
HEURISTIC_MEDIAN_24_LAD,B,96,1,Dec,2,linear,0:04:40.892001,OPTIMAL,125783092402,0
HEURISTIC_MEDIAN_24_LAD,B,96,1,Dec,2,quadratic,0:04:31.904732,OPTIMAL,125810947063,0
HEURISTIC_MEDIAN_24_LAD,B,96,1,Jul,2,constant,0:01:44.963791,OPTIMAL,125924204668,0
HEURISTIC_MEDIAN_24_LAD,B,96,1,Jul,2,exponential,0:02:34.327874,OPTIMAL,125802147019,0
HEURISTIC_MEDIAN_24_LAD,B,96,1,Jul,2,linear,0:01:41.597074,OPTIMAL,125933977985,0
HEURISTIC_MEDIAN_24_LAD,B,96,1,Jul,2,quadratic,0:02:32.846405,OPTIMAL,125793084765,0
HEURISTIC_MEDIAN_24_LAD,B,96,1,Sep,2,constant,0:01:50.378794,OPTIMAL,125891932948,0
HEURISTIC_MEDIAN_24_LAD,B,96,1,Sep,2,exponential,0:02:22.308368,OPTIMAL,125779259055,0
HEURISTIC_MEDIAN_24_LAD,B,96,1,Sep,2,linear,0:02:30.200953,OPTIMAL,125750941354,0
HEURISTIC_MEDIAN_24_LAD,B,96,1,Sep,2,quadratic,0:01:50.835717,OPTIMAL,125930093168,0
HEURISTIC_MEDIAN_24_LAD,B,96,2,Dec,2,constant,0:01:43.627220,OPTIMAL,126141380706,0
HEURISTIC_MEDIAN_24_LAD,B,96,2,Dec,2,exponential,0:02:07.095546,OPTIMAL,125601539709,0
HEURISTIC_MEDIAN_24_LAD,B,96,2,Dec,2,linear,0:01:39.231097,OPTIMAL,126103900052,0
HEURISTIC_MEDIAN_24_LAD,B,96,2,Dec,2,quadratic,0:02:04.719891,OPTIMAL,126065920102,0
HEURISTIC_MEDIAN_24_LAD,B,96,2,Jul,2,constant,0:03:47.133566,OPTIMAL,125632334572,0
HEURISTIC_MEDIAN_24_LAD,B,96,2,Jul,2,exponential,0:01:54.043138,OPTIMAL,126087365667,0
HEURISTIC_MEDIAN_24_LAD,B,96,2,Jul,2,linear,0:02:34.059436,OPTIMAL,125653721936,0
HEURISTIC_MEDIAN_24_LAD,B,96,2,Jul,2,quadratic,0:01:47.849171,OPTIMAL,126097724345,0
HEURISTIC_MEDIAN_24_LAD,B,96,2,Sep,2,constant,0:01:44.477901,OPTIMAL,126121939362,0
HEURISTIC_MEDIAN_24_LAD,B,96,2,Sep,2,exponential,0:02:06.189832,OPTIMAL,125639320920,0
HEURISTIC_MEDIAN_24_LAD,B,96,2,Sep,2,linear,0:02:21.953332,OPTIMAL,125648518299,0
HEURISTIC_MEDIAN_24_LAD,B,96,2,Sep,2,quadratic,0:01:47.444085,OPTIMAL,126103669061,0
HEURISTIC_MEDIAN_24_LAD,B,96,3,Dec,2,constant,0:01:48.987873,OPTIMAL,126167354799,0
HEURISTIC_MEDIAN_24_LAD,B,96,3,Dec,2,exponential,0:01:38.079042,OPTIMAL,126182085315,0
HEURISTIC_MEDIAN_24_LAD,B,96,3,Dec,2,linear,0:01:36.196878,OPTIMAL,126234324516,0
HEURISTIC_MEDIAN_24_LAD,B,96,3,Dec,2,quadratic,0:01:38.347687,OPTIMAL,126133616651,0
HEURISTIC_MEDIAN_24_LAD,B,96,3,Jul,2,constant,0:01:43.101189,OPTIMAL,126179823942,0
HEURISTIC_MEDIAN_24_LAD,B,96,3,Jul,2,exponential,0:02:24.512816,OPTIMAL,125847863049,0
HEURISTIC_MEDIAN_24_LAD,B,96,3,Jul,2,linear,0:01:33.223708,OPTIMAL,126167871860,0
HEURISTIC_MEDIAN_24_LAD,B,96,3,Jul,2,quadratic,0:01:42.860303,OPTIMAL,126135751491,0
HEURISTIC_MEDIAN_24_LAD,B,96,3,Sep,2,constant,0:02:13.684759,OPTIMAL,125910637566,0
HEURISTIC_MEDIAN_24_LAD,B,96,3,Sep,2,exponential,0:01:36.332777,OPTIMAL,126138240058,0
HEURISTIC_MEDIAN_24_LAD,B,96,3,Sep,2,linear,0:01:48.696856,OPTIMAL,126134811192,0
HEURISTIC_MEDIAN_24_LAD,B,96,3,Sep,2,quadratic,0:01:49.629375,OPTIMAL,126121487561,0
HEURISTIC_MEDIAN_24_LAD,B,96,4,Dec,2,constant,0:02:23.893709,OPTIMAL,125715785111,0
HEURISTIC_MEDIAN_24_LAD,B,96,4,Dec,2,exponential,0:02:13.877857,OPTIMAL,125697744244,0
HEURISTIC_MEDIAN_24_LAD,B,96,4,Dec,2,linear,0:02:13.873135,OPTIMAL,125746887915,0
HEURISTIC_MEDIAN_24_LAD,B,96,4,Dec,2,quadratic,0:02:13.887625,OPTIMAL,125749126798,0
HEURISTIC_MEDIAN_24_LAD,B,96,4,Jul,2,constant,0:02:14.223774,OPTIMAL,125730139072,0
HEURISTIC_MEDIAN_24_LAD,B,96,4,Jul,2,exponential,0:02:46.966642,OPTIMAL,125737954146,0
HEURISTIC_MEDIAN_24_LAD,B,96,4,Jul,2,linear,0:02:10.008909,OPTIMAL,125703211298,0
HEURISTIC_MEDIAN_24_LAD,B,96,4,Jul,2,quadratic,0:03:47.614631,OPTIMAL,125684608820,0
HEURISTIC_MEDIAN_24_LAD,B,96,4,Sep,2,constant,0:02:32.343086,OPTIMAL,125691752871,0
HEURISTIC_MEDIAN_24_LAD,B,96,4,Sep,2,exponential,0:02:13.372565,OPTIMAL,125706181291,0
HEURISTIC_MEDIAN_24_LAD,B,96,4,Sep,2,linear,0:02:24.979043,OPTIMAL,125722858196,0
HEURISTIC_MEDIAN_24_LAD,B,96,4,Sep,2,quadratic,0:02:23.174563,OPTIMAL,125703224041,0
HEURISTIC_MEDIAN_24_LAD,B,96,5,Dec,2,constant,0:04:47.832448,OPTIMAL,125813062172,0
HEURISTIC_MEDIAN_24_LAD,B,96,5,Dec,2,linear,0:01:58.531954,OPTIMAL,126070073381,0
HEURISTIC_MEDIAN_24_LAD,B,96,5,Dec,2,quadratic,0:01:57.183247,OPTIMAL,126024023605,0
HEURISTIC_MEDIAN_24_LAD,B,96,5,Jul,2,constant,0:01:55.542396,OPTIMAL,126050368791,0
HEURISTIC_MEDIAN_24_LAD,B,96,5,Jul,2,linear,0:02:31.084345,OPTIMAL,125947804758,0
HEURISTIC_MEDIAN_24_LAD,B,96,5,Jul,2,quadratic,0:01:56.882755,OPTIMAL,126070380404,0
HEURISTIC_MEDIAN_24_LAD,B,96,5,Sep,2,constant,0:02:15.484839,OPTIMAL,126050961923,0
HEURISTIC_MEDIAN_24_LAD,B,96,5,Sep,2,exponential,0:02:54.402922,OPTIMAL,126072832815,0
HEURISTIC_MEDIAN_24_LAD,B,96,5,Sep,2,linear,0:01:55.103126,OPTIMAL,126022654024,0
HEURISTIC_MEDIAN_24_LAD,B,96,5,Sep,2,quadratic,0:01:55.971561,OPTIMAL,126140708825,0
HEURISTIC_MEDIAN_24_LSD,B,96,1,Dec,2,constant,0:04:47.002788,OPTIMAL,125495879894,0
HEURISTIC_MEDIAN_24_LSD,B,96,1,Dec,2,exponential,0:04:34.857274,OPTIMAL,125581269387,0
HEURISTIC_MEDIAN_24_LSD,B,96,1,Dec,2,linear,0:04:26.562145,OPTIMAL,125484047263,0
HEURISTIC_MEDIAN_24_LSD,B,96,1,Dec,2,quadratic,0:01:54.628560,OPTIMAL,125759276304,0
HEURISTIC_MEDIAN_24_LSD,B,96,1,Jul,2,constant,0:01:52.387751,OPTIMAL,125733165605,0
HEURISTIC_MEDIAN_24_LSD,B,96,1,Jul,2,exponential,0:02:06.497955,OPTIMAL,125672904775,0
HEURISTIC_MEDIAN_24_LSD,B,96,1,Jul,2,linear,0:01:58.654963,OPTIMAL,125723298093,0
HEURISTIC_MEDIAN_24_LSD,B,96,1,Jul,2,quadratic,0:02:01.732508,OPTIMAL,125792136527,0
HEURISTIC_MEDIAN_24_LSD,B,96,1,Sep,2,constant,0:01:56.127045,OPTIMAL,125828763146,0
HEURISTIC_MEDIAN_24_LSD,B,96,1,Sep,2,exponential,0:04:46.163400,OPTIMAL,125510539847,0
HEURISTIC_MEDIAN_24_LSD,B,96,1,Sep,2,linear,0:02:05.481094,OPTIMAL,125974581990,0
HEURISTIC_MEDIAN_24_LSD,B,96,1,Sep,2,quadratic,0:02:03.485057,OPTIMAL,125848721663,0
HEURISTIC_MEDIAN_24_LSD,B,96,2,Dec,2,constant,0:02:06.943236,OPTIMAL,125756742176,0
HEURISTIC_MEDIAN_24_LSD,B,96,2,Dec,2,exponential,0:02:20.417538,OPTIMAL,125791746255,0
HEURISTIC_MEDIAN_24_LSD,B,96,2,Dec,2,linear,0:04:20.391659,OPTIMAL,125696053220,0
HEURISTIC_MEDIAN_24_LSD,B,96,2,Dec,2,quadratic,0:04:37.500439,OPTIMAL,125713893775,0
HEURISTIC_MEDIAN_24_LSD,B,96,2,Jul,2,constant,0:03:13.607216,OPTIMAL,125815214915,0
HEURISTIC_MEDIAN_24_LSD,B,96,2,Jul,2,exponential,0:02:18.563131,OPTIMAL,125808949125,0
HEURISTIC_MEDIAN_24_LSD,B,96,2,Jul,2,linear,0:01:55.897204,OPTIMAL,125752640189,0
HEURISTIC_MEDIAN_24_LSD,B,96,2,Jul,2,quadratic,0:02:05.286966,OPTIMAL,125787106685,0
HEURISTIC_MEDIAN_24_LSD,B,96,2,Sep,2,constant,0:01:56.158368,OPTIMAL,125783745473,0
HEURISTIC_MEDIAN_24_LSD,B,96,2,Sep,2,exponential,0:02:05.720550,OPTIMAL,125856247600,0
HEURISTIC_MEDIAN_24_LSD,B,96,2,Sep,2,linear,0:04:29.958050,OPTIMAL,125695586201,0
HEURISTIC_MEDIAN_24_LSD,B,96,2,Sep,2,quadratic,0:02:06.716447,OPTIMAL,125799246381,0
HEURISTIC_MEDIAN_24_LSD,B,96,3,Dec,2,constant,0:02:24.703074,OPTIMAL,125165805421,0
HEURISTIC_MEDIAN_24_LSD,B,96,3,Dec,2,exponential,0:01:40.639842,OPTIMAL,125466913343,0
HEURISTIC_MEDIAN_24_LSD,B,96,3,Dec,2,linear,0:01:38.319808,OPTIMAL,125411862972,0
HEURISTIC_MEDIAN_24_LSD,B,96,3,Dec,2,quadratic,0:02:27.350315,OPTIMAL,125175954876,0
HEURISTIC_MEDIAN_24_LSD,B,96,3,Jul,2,constant,0:02:22.302922,OPTIMAL,125135433196,0
HEURISTIC_MEDIAN_24_LSD,B,96,3,Jul,2,exponential,0:02:39.846622,OPTIMAL,125315200192,0
HEURISTIC_MEDIAN_24_LSD,B,96,3,Jul,2,linear,0:02:17.170225,OPTIMAL,125136932765,0
HEURISTIC_MEDIAN_24_LSD,B,96,3,Jul,2,quadratic,0:02:19.819126,OPTIMAL,125165945864,0
HEURISTIC_MEDIAN_24_LSD,B,96,3,Sep,2,constant,0:01:48.648807,OPTIMAL,125337349377,0
HEURISTIC_MEDIAN_24_LSD,B,96,3,Sep,2,exponential,0:01:38.948027,OPTIMAL,125322557560,0
HEURISTIC_MEDIAN_24_LSD,B,96,3,Sep,2,linear,0:01:51.420790,OPTIMAL,125343010844,0
HEURISTIC_MEDIAN_24_LSD,B,96,3,Sep,2,quadratic,0:01:43.576261,OPTIMAL,125317408604,0
HEURISTIC_MEDIAN_24_LSD,B,96,4,Dec,2,constant,0:01:55.629806,OPTIMAL,125146837560,0
HEURISTIC_MEDIAN_24_LSD,B,96,4,Dec,2,exponential,0:01:41.583550,OPTIMAL,125146876029,0
HEURISTIC_MEDIAN_24_LSD,B,96,4,Dec,2,linear,0:02:13.430336,OPTIMAL,124945955664,0
HEURISTIC_MEDIAN_24_LSD,B,96,4,Dec,2,quadratic,0:01:48.274289,OPTIMAL,125159198625,0
HEURISTIC_MEDIAN_24_LSD,B,96,4,Jul,2,constant,0:01:52.397132,OPTIMAL,125244573284,0
HEURISTIC_MEDIAN_24_LSD,B,96,4,Jul,2,exponential,0:04:58.005150,OPTIMAL,125024093058,0
HEURISTIC_MEDIAN_24_LSD,B,96,4,Jul,2,linear,0:04:45.271540,OPTIMAL,124987148923,0
HEURISTIC_MEDIAN_24_LSD,B,96,4,Jul,2,quadratic,0:04:40.459435,OPTIMAL,124995654778,0
HEURISTIC_MEDIAN_24_LSD,B,96,4,Sep,2,constant,0:01:58.563149,OPTIMAL,125400164857,0
HEURISTIC_MEDIAN_24_LSD,B,96,4,Sep,2,exponential,0:04:44.863071,OPTIMAL,124918724375,0
HEURISTIC_MEDIAN_24_LSD,B,96,4,Sep,2,linear,0:01:58.461935,OPTIMAL,125225750517,0
HEURISTIC_MEDIAN_24_LSD,B,96,4,Sep,2,quadratic,0:01:58.795228,OPTIMAL,125162752801,0
HEURISTIC_MEDIAN_24_LSD,B,96,5,Dec,2,constant,0:01:47.424615,OPTIMAL,125878337404,0
HEURISTIC_MEDIAN_24_LSD,B,96,5,Dec,2,linear,0:01:39.412564,OPTIMAL,125798500016,0
HEURISTIC_MEDIAN_24_LSD,B,96,5,Dec,2,quadratic,0:02:10.698486,OPTIMAL,125700907141,0
HEURISTIC_MEDIAN_24_LSD,B,96,5,Jul,2,constant,0:01:43.285690,OPTIMAL,125924411997,0
HEURISTIC_MEDIAN_24_LSD,B,96,5,Jul,2,linear,0:01:39.313244,OPTIMAL,125828009538,0
HEURISTIC_MEDIAN_24_LSD,B,96,5,Jul,2,quadratic,0:02:00.452053,OPTIMAL,125952496751,0
HEURISTIC_MEDIAN_24_LSD,B,96,5,Sep,2,constant,0:02:22.598709,OPTIMAL,125659609659,0
HEURISTIC_MEDIAN_24_LSD,B,96,5,Sep,2,linear,0:03:06.473344,OPTIMAL,125852735223,0
HEURISTIC_MEDIAN_24_LSD,B,96,5,Sep,2,quadratic,0:03:54.121011,OPTIMAL,125902143806,0
HEURISTIC_MEDIAN_48_LAD,B,96,1,Dec,2,constant,0:04:46.121389,OPTIMAL,136359852064,0
HEURISTIC_MEDIAN_48_LAD,B,96,1,Dec,2,exponential,0:04:47.180547,OPTIMAL,136267168013,0
HEURISTIC_MEDIAN_48_LAD,B,96,1,Dec,2,linear,0:06:44.536256,OPTIMAL,136200481314,0
HEURISTIC_MEDIAN_48_LAD,B,96,1,Dec,2,quadratic,0:05:04.242628,OPTIMAL,136383706311,0
HEURISTIC_MEDIAN_48_LAD,B,96,1,Jul,2,constant,0:06:47.290363,OPTIMAL,136109991235,0
HEURISTIC_MEDIAN_48_LAD,B,96,1,Jul,2,exponential,0:06:42.340181,OPTIMAL,136226151799,0
HEURISTIC_MEDIAN_48_LAD,B,96,1,Jul,2,linear,0:06:43.914376,OPTIMAL,136106164024,0
HEURISTIC_MEDIAN_48_LAD,B,96,1,Jul,2,quadratic,0:05:44.807465,OPTIMAL,136376841247,0
HEURISTIC_MEDIAN_48_LAD,B,96,1,Sep,2,constant,0:07:14.592326,OPTIMAL,136095544850,0
HEURISTIC_MEDIAN_48_LAD,B,96,1,Sep,2,exponential,0:06:44.691908,OPTIMAL,136107170876,0
HEURISTIC_MEDIAN_48_LAD,B,96,1,Sep,2,linear,0:07:11.057593,OPTIMAL,136084788774,0
HEURISTIC_MEDIAN_48_LAD,B,96,1,Sep,2,quadratic,0:05:47.908981,OPTIMAL,136347325653,0
HEURISTIC_MEDIAN_48_LAD,B,96,2,Dec,2,constant,0:05:59.357177,OPTIMAL,136875611174,0
HEURISTIC_MEDIAN_48_LAD,B,96,2,Dec,2,exponential,0:06:58.816044,OPTIMAL,136478922643,0
HEURISTIC_MEDIAN_48_LAD,B,96,2,Dec,2,linear,0:06:19.920498,OPTIMAL,136889068904,0
HEURISTIC_MEDIAN_48_LAD,B,96,2,Dec,2,quadratic,0:07:22.617858,OPTIMAL,136505150975,0
HEURISTIC_MEDIAN_48_LAD,B,96,2,Jul,2,constant,0:07:43.489075,OPTIMAL,136499794326,0
HEURISTIC_MEDIAN_48_LAD,B,96,2,Jul,2,exponential,0:06:44.658325,OPTIMAL,136709630954,0
HEURISTIC_MEDIAN_48_LAD,B,96,2,Jul,2,linear,0:06:33.600286,OPTIMAL,136639016341,0
HEURISTIC_MEDIAN_48_LAD,B,96,2,Jul,2,quadratic,0:08:35.004768,OPTIMAL,136444479139,0
HEURISTIC_MEDIAN_48_LAD,B,96,2,Sep,2,constant,0:08:28.090772,OPTIMAL,136465245351,0
HEURISTIC_MEDIAN_48_LAD,B,96,2,Sep,2,exponential,0:08:10.283677,OPTIMAL,136462141227,0
HEURISTIC_MEDIAN_48_LAD,B,96,2,Sep,2,linear,0:08:06.110060,OPTIMAL,136491449735,0
HEURISTIC_MEDIAN_48_LAD,B,96,2,Sep,2,quadratic,0:13:58.850551,OPTIMAL,136507040780,0
HEURISTIC_MEDIAN_48_LAD,B,96,3,Dec,2,constant,0:05:02.625297,OPTIMAL,136335768435,0
HEURISTIC_MEDIAN_48_LAD,B,96,3,Dec,2,exponential,0:05:02.699597,OPTIMAL,136321952261,0
HEURISTIC_MEDIAN_48_LAD,B,96,3,Dec,2,linear,0:05:25.275081,OPTIMAL,136410629914,0
HEURISTIC_MEDIAN_48_LAD,B,96,3,Dec,2,quadratic,0:05:27.051216,OPTIMAL,136299325796,0
HEURISTIC_MEDIAN_48_LAD,B,96,3,Jul,2,constant,0:07:50.914763,OPTIMAL,136193734027,0
HEURISTIC_MEDIAN_48_LAD,B,96,3,Jul,2,exponential,0:05:27.241515,OPTIMAL,136382130789,0
HEURISTIC_MEDIAN_48_LAD,B,96,3,Jul,2,linear,0:05:03.528097,OPTIMAL,136369337791,0
HEURISTIC_MEDIAN_48_LAD,B,96,3,Jul,2,quadratic,0:05:49.730318,OPTIMAL,136304342345,0
HEURISTIC_MEDIAN_48_LAD,B,96,3,Sep,2,constant,0:07:29.147717,OPTIMAL,136070094831,0
HEURISTIC_MEDIAN_48_LAD,B,96,3,Sep,2,exponential,0:06:35.805090,OPTIMAL,136065586607,0
HEURISTIC_MEDIAN_48_LAD,B,96,3,Sep,2,linear,0:07:13.145682,OPTIMAL,136053480857,0
HEURISTIC_MEDIAN_48_LAD,B,96,3,Sep,2,quadratic,0:07:55.162123,OPTIMAL,136095684923,0
HEURISTIC_MEDIAN_48_LAD,B,96,4,Dec,2,constant,0:07:11.115410,OPTIMAL,135875427646,0
HEURISTIC_MEDIAN_48_LAD,B,96,4,Dec,2,exponential,0:04:59.622807,OPTIMAL,136258025044,0
HEURISTIC_MEDIAN_48_LAD,B,96,4,Dec,2,linear,0:06:37.440052,OPTIMAL,135865976323,0
HEURISTIC_MEDIAN_48_LAD,B,96,4,Dec,2,quadratic,0:06:25.958263,OPTIMAL,135902599758,0
HEURISTIC_MEDIAN_48_LAD,B,96,4,Jul,2,constant,0:07:06.271889,OPTIMAL,135925387498,0
HEURISTIC_MEDIAN_48_LAD,B,96,4,Jul,2,exponential,0:05:32.442874,OPTIMAL,136223511739,0
HEURISTIC_MEDIAN_48_LAD,B,96,4,Jul,2,linear,0:05:10.324104,OPTIMAL,136264362315,0
HEURISTIC_MEDIAN_48_LAD,B,96,4,Jul,2,quadratic,0:06:49.586818,OPTIMAL,135936179685,0
HEURISTIC_MEDIAN_48_LAD,B,96,4,Sep,2,constant,0:07:14.101631,OPTIMAL,135976537957,0
HEURISTIC_MEDIAN_48_LAD,B,96,4,Sep,2,exponential,0:06:33.890953,OPTIMAL,135929534507,0
HEURISTIC_MEDIAN_48_LAD,B,96,4,Sep,2,linear,0:06:59.384831,OPTIMAL,135900775200,0
HEURISTIC_MEDIAN_48_LAD,B,96,4,Sep,2,quadratic,0:11:20.160578,OPTIMAL,135892137894,0
HEURISTIC_MEDIAN_48_LAD,B,96,5,Dec,2,constant,0:06:00.239274,OPTIMAL,136675366260,0
HEURISTIC_MEDIAN_48_LAD,B,96,5,Dec,2,linear,0:07:55.258184,OPTIMAL,136150790937,0
HEURISTIC_MEDIAN_48_LAD,B,96,5,Dec,2,quadratic,0:07:39.967794,OPTIMAL,136203512838,0
HEURISTIC_MEDIAN_48_LAD,B,96,5,Jul,2,constant,0:06:02.828536,OPTIMAL,136721029186,0
HEURISTIC_MEDIAN_48_LAD,B,96,5,Jul,2,linear,0:13:41.604247,OPTIMAL,136254436664,0
HEURISTIC_MEDIAN_48_LAD,B,96,5,Jul,2,quadratic,0:10:47.962406,OPTIMAL,136763025659,0
HEURISTIC_MEDIAN_48_LAD,B,96,5,Sep,2,constant,0:16:59.781588,OPTIMAL,136263495594,0
HEURISTIC_MEDIAN_48_LAD,B,96,5,Sep,2,exponential,0:06:48.061699,OPTIMAL,136771141910,0
HEURISTIC_MEDIAN_48_LAD,B,96,5,Sep,2,linear,0:14:52.524413,OPTIMAL,136288137325,0
HEURISTIC_MEDIAN_48_LAD,B,96,5,Sep,2,quadratic,0:06:27.065367,OPTIMAL,136815101414,0
HEURISTIC_MEDIAN_48_LSD,B,96,1,Dec,2,constant,0:08:14.457192,OPTIMAL,136199140761,0
HEURISTIC_MEDIAN_48_LSD,B,96,1,Dec,2,exponential,0:14:10.222738,OPTIMAL,136055828575,0
HEURISTIC_MEDIAN_48_LSD,B,96,1,Dec,2,linear,0:07:49.587798,OPTIMAL,136225821965,0
HEURISTIC_MEDIAN_48_LSD,B,96,1,Dec,2,quadratic,0:07:26.341057,OPTIMAL,136072027634,0
HEURISTIC_MEDIAN_48_LSD,B,96,1,Jul,2,constant,0:08:28.353668,OPTIMAL,136171807422,0
HEURISTIC_MEDIAN_48_LSD,B,96,1,Jul,2,exponential,0:08:22.108668,OPTIMAL,136013488817,0
HEURISTIC_MEDIAN_48_LSD,B,96,1,Jul,2,linear,0:07:16.825738,OPTIMAL,136087586434,0
HEURISTIC_MEDIAN_48_LSD,B,96,1,Jul,2,quadratic,0:08:11.866067,OPTIMAL,136296259401,0
HEURISTIC_MEDIAN_48_LSD,B,96,1,Sep,2,constant,0:12:32.408750,OPTIMAL,136182347587,0
HEURISTIC_MEDIAN_48_LSD,B,96,1,Sep,2,exponential,0:08:30.696300,OPTIMAL,136203096038,0
HEURISTIC_MEDIAN_48_LSD,B,96,1,Sep,2,linear,0:07:40.626497,OPTIMAL,136223952681,0
HEURISTIC_MEDIAN_48_LSD,B,96,1,Sep,2,quadratic,0:08:05.122209,OPTIMAL,136107251736,0
HEURISTIC_MEDIAN_48_LSD,B,96,2,Dec,2,constant,0:07:53.094678,OPTIMAL,137516390966,0
HEURISTIC_MEDIAN_48_LSD,B,96,2,Dec,2,exponential,0:07:09.026150,OPTIMAL,137491321245,0
HEURISTIC_MEDIAN_48_LSD,B,96,2,Dec,2,linear,0:07:29.676099,OPTIMAL,137479282227,0
HEURISTIC_MEDIAN_48_LSD,B,96,2,Dec,2,quadratic,0:07:06.861347,OPTIMAL,137388633139,0
HEURISTIC_MEDIAN_48_LSD,B,96,2,Jul,2,constant,0:08:01.760819,OPTIMAL,137478301515,0
HEURISTIC_MEDIAN_48_LSD,B,96,2,Jul,2,exponential,0:08:30.926288,OPTIMAL,137481748788,0
HEURISTIC_MEDIAN_48_LSD,B,96,2,Jul,2,linear,0:07:07.503401,OPTIMAL,137315752735,0
HEURISTIC_MEDIAN_48_LSD,B,96,2,Jul,2,quadratic,0:08:27.874247,OPTIMAL,137368326055,0
HEURISTIC_MEDIAN_48_LSD,B,96,2,Sep,2,constant,0:07:30.063673,OPTIMAL,137561879034,0
HEURISTIC_MEDIAN_48_LSD,B,96,2,Sep,2,exponential,0:10:11.424521,OPTIMAL,137556241811,0
HEURISTIC_MEDIAN_48_LSD,B,96,2,Sep,2,linear,0:07:44.571477,OPTIMAL,137355991715,0
HEURISTIC_MEDIAN_48_LSD,B,96,2,Sep,2,quadratic,0:08:36.486561,OPTIMAL,137310716132,0
HEURISTIC_MEDIAN_48_LSD,B,96,3,Dec,2,constant,0:05:23.140305,OPTIMAL,136690317525,0
HEURISTIC_MEDIAN_48_LSD,B,96,3,Dec,2,exponential,0:06:42.681824,OPTIMAL,136319855599,0
HEURISTIC_MEDIAN_48_LSD,B,96,3,Dec,2,linear,0:06:36.543161,OPTIMAL,136351340946,0
HEURISTIC_MEDIAN_48_LSD,B,96,3,Dec,2,quadratic,0:07:08.737871,OPTIMAL,136380773289,0
HEURISTIC_MEDIAN_48_LSD,B,96,3,Jul,2,constant,0:07:18.942426,OPTIMAL,136310878915,0
HEURISTIC_MEDIAN_48_LSD,B,96,3,Jul,2,exponential,0:05:32.825463,OPTIMAL,136632805473,0
HEURISTIC_MEDIAN_48_LSD,B,96,3,Jul,2,linear,0:06:55.458451,OPTIMAL,136303584282,0
HEURISTIC_MEDIAN_48_LSD,B,96,3,Jul,2,quadratic,0:07:34.133753,OPTIMAL,136321555819,0
HEURISTIC_MEDIAN_48_LSD,B,96,3,Sep,2,constant,0:05:28.618990,OPTIMAL,136500920015,0
HEURISTIC_MEDIAN_48_LSD,B,96,3,Sep,2,exponential,0:06:39.742988,OPTIMAL,136377104229,0
HEURISTIC_MEDIAN_48_LSD,B,96,3,Sep,2,linear,0:06:29.184047,OPTIMAL,136353951288,0
HEURISTIC_MEDIAN_48_LSD,B,96,3,Sep,2,quadratic,0:12:34.374104,OPTIMAL,136383985288,0
HEURISTIC_MEDIAN_48_LSD,B,96,4,Dec,2,constant,0:11:35.694096,OPTIMAL,137134276102,0
HEURISTIC_MEDIAN_48_LSD,B,96,4,Dec,2,exponential,0:07:38.341054,OPTIMAL,137253680701,0
HEURISTIC_MEDIAN_48_LSD,B,96,4,Dec,2,linear,0:07:09.152405,OPTIMAL,137170184300,0
HEURISTIC_MEDIAN_48_LSD,B,96,4,Dec,2,quadratic,0:07:31.807161,OPTIMAL,137090206976,0
HEURISTIC_MEDIAN_48_LSD,B,96,4,Jul,2,constant,0:08:49.856129,OPTIMAL,137152512219,0
HEURISTIC_MEDIAN_48_LSD,B,96,4,Jul,2,exponential,0:08:00.118605,OPTIMAL,137107967941,0
HEURISTIC_MEDIAN_48_LSD,B,96,4,Jul,2,linear,0:06:25.545639,OPTIMAL,137264241209,0
HEURISTIC_MEDIAN_48_LSD,B,96,4,Jul,2,quadratic,0:07:27.466496,OPTIMAL,137140083277,0
HEURISTIC_MEDIAN_48_LSD,B,96,4,Sep,2,constant,0:06:25.716161,OPTIMAL,137164977235,0
HEURISTIC_MEDIAN_48_LSD,B,96,4,Sep,2,exponential,0:07:32.793403,OPTIMAL,137133019344,0
HEURISTIC_MEDIAN_48_LSD,B,96,4,Sep,2,linear,0:07:38.061416,OPTIMAL,137210877471,0
HEURISTIC_MEDIAN_48_LSD,B,96,4,Sep,2,quadratic,0:07:40.145921,OPTIMAL,137184530733,0
HEURISTIC_MEDIAN_48_LSD,B,96,5,Dec,2,constant,0:05:15.731681,OPTIMAL,136562809642,0
HEURISTIC_MEDIAN_48_LSD,B,96,5,Dec,2,linear,0:05:09.341634,OPTIMAL,136454776238,0
HEURISTIC_MEDIAN_48_LSD,B,96,5,Dec,2,quadratic,0:07:09.104982,OPTIMAL,136169303028,0
HEURISTIC_MEDIAN_48_LSD,B,96,5,Jul,2,constant,0:11:59.375591,OPTIMAL,136233441026,0
HEURISTIC_MEDIAN_48_LSD,B,96,5,Jul,2,linear,0:07:01.981368,OPTIMAL,136229535168,0
HEURISTIC_MEDIAN_48_LSD,B,96,5,Jul,2,quadratic,0:05:44.649617,OPTIMAL,136478872694,0
HEURISTIC_MEDIAN_48_LSD,B,96,5,Sep,2,constant,0:05:41.929522,OPTIMAL,136507346459,0
HEURISTIC_MEDIAN_48_LSD,B,96,5,Sep,2,linear,0:06:35.659701,OPTIMAL,136261305927,0
HEURISTIC_MEDIAN_48_LSD,B,96,5,Sep,2,quadratic,0:08:18.247555,OPTIMAL,136271009636,0
HEURISTIC_MIGRATION_0,B,96,1,Dec,2,constant,0:00:08.655021,OPTIMAL,126006249872,118478328255
HEURISTIC_MIGRATION_0,B,96,1,Dec,2,exponential,0:00:08.761263,OPTIMAL,125787733120,118483145332
HEURISTIC_MIGRATION_0,B,96,1,Dec,2,linear,0:00:09.211286,OPTIMAL,125786633504,118480263811
HEURISTIC_MIGRATION_0,B,96,1,Dec,2,quadratic,0:00:09.010971,OPTIMAL,125757623171,118481244390
HEURISTIC_MIGRATION_0,B,96,1,Jul,2,constant,0:00:09.466696,OPTIMAL,126034733794,118476291670
HEURISTIC_MIGRATION_0,B,96,1,Jul,2,exponential,0:00:10.014648,OPTIMAL,125814162677,118482536690
HEURISTIC_MIGRATION_0,B,96,1,Jul,2,linear,0:00:09.526125,OPTIMAL,125770439603,118479002530
HEURISTIC_MIGRATION_0,B,96,1,Jul,2,quadratic,0:00:09.485779,OPTIMAL,125796750157,118480319681
HEURISTIC_MIGRATION_0,B,96,1,Sep,2,constant,0:00:08.898415,OPTIMAL,126026022263,118476869353
HEURISTIC_MIGRATION_0,B,96,1,Sep,2,exponential,0:00:09.273628,OPTIMAL,125786289743,118482717349
HEURISTIC_MIGRATION_0,B,96,1,Sep,2,linear,0:00:09.691088,OPTIMAL,125793366441,118479412745
HEURISTIC_MIGRATION_0,B,96,1,Sep,2,quadratic,0:00:09.281194,OPTIMAL,125778698208,118480619287
HEURISTIC_MIGRATION_0,B,96,2,Dec,2,constant,0:00:08.666533,OPTIMAL,125861280184,118494268117
HEURISTIC_MIGRATION_0,B,96,2,Dec,2,exponential,0:00:09.424708,OPTIMAL,125385766999,118499085008
HEURISTIC_MIGRATION_0,B,96,2,Dec,2,linear,0:00:09.360188,OPTIMAL,125461852364,118496202926
HEURISTIC_MIGRATION_0,B,96,2,Dec,2,quadratic,0:00:09.305854,OPTIMAL,125434306366,118497183349
HEURISTIC_MIGRATION_0,B,96,2,Jul,2,constant,0:00:09.204557,OPTIMAL,125852804550,118492231015
HEURISTIC_MIGRATION_0,B,96,2,Jul,2,exponential,0:00:10.028461,OPTIMAL,125445141215,118498476220
HEURISTIC_MIGRATION_0,B,96,2,Jul,2,linear,0:00:09.753906,OPTIMAL,125496909654,118494942287
HEURISTIC_MIGRATION_0,B,96,2,Jul,2,quadratic,0:00:09.976340,OPTIMAL,125507610770,118496258021
HEURISTIC_MIGRATION_0,B,96,2,Sep,2,constant,0:00:09.036639,OPTIMAL,125859796255,118492808821
HEURISTIC_MIGRATION_0,B,96,2,Sep,2,exponential,0:00:09.886770,OPTIMAL,125375159927,118498657021
HEURISTIC_MIGRATION_0,B,96,2,Sep,2,linear,0:00:09.735239,OPTIMAL,125465356782,118495351862
HEURISTIC_MIGRATION_0,B,96,2,Sep,2,quadratic,0:00:09.816309,OPTIMAL,125435058368,118496558169
HEURISTIC_MIGRATION_0,B,96,3,Dec,2,constant,0:00:08.497458,OPTIMAL,126574929816,118503389738
HEURISTIC_MIGRATION_0,B,96,3,Dec,2,exponential,0:00:08.647331,OPTIMAL,126247917728,118508207928
HEURISTIC_MIGRATION_0,B,96,3,Dec,2,linear,0:00:08.618271,OPTIMAL,126299600171,118505325438
HEURISTIC_MIGRATION_0,B,96,3,Dec,2,quadratic,0:00:08.650543,OPTIMAL,126294502146,118506307098
HEURISTIC_MIGRATION_0,B,96,3,Jul,2,constant,0:00:09.283645,OPTIMAL,126571127007,118501352880
HEURISTIC_MIGRATION_0,B,96,3,Jul,2,exponential,0:00:09.296959,OPTIMAL,126262538950,118507599307
HEURISTIC_MIGRATION_0,B,96,3,Jul,2,linear,0:00:09.479663,OPTIMAL,126489883331,118504064361
HEURISTIC_MIGRATION_0,B,96,3,Jul,2,quadratic,0:00:09.377775,OPTIMAL,126544713343,118505382168
HEURISTIC_MIGRATION_0,B,96,3,Sep,2,constant,0:00:09.070767,OPTIMAL,126592082331,118501930253
HEURISTIC_MIGRATION_0,B,96,3,Sep,2,exponential,0:00:09.086821,OPTIMAL,126245350982,118507779854
HEURISTIC_MIGRATION_0,B,96,3,Sep,2,linear,0:00:09.359303,OPTIMAL,126316515839,118504474117
HEURISTIC_MIGRATION_0,B,96,3,Sep,2,quadratic,0:00:09.012510,OPTIMAL,126272935278,118505682577
HEURISTIC_MIGRATION_0,B,96,4,Dec,2,constant,0:00:08.167697,OPTIMAL,126412046594,118429760489
HEURISTIC_MIGRATION_0,B,96,4,Dec,2,exponential,0:00:08.717760,OPTIMAL,126069538353,118434576634
HEURISTIC_MIGRATION_0,B,96,4,Dec,2,linear,0:00:08.661533,OPTIMAL,126069289674,118431695684
HEURISTIC_MIGRATION_0,B,96,4,Dec,2,quadratic,0:00:08.721024,OPTIMAL,126095371227,118432676562
HEURISTIC_MIGRATION_0,B,96,4,Jul,2,constant,0:00:08.758630,OPTIMAL,126404192617,118427723216
HEURISTIC_MIGRATION_0,B,96,4,Jul,2,exponential,0:00:09.452182,OPTIMAL,126161429363,118433968220
HEURISTIC_MIGRATION_0,B,96,4,Jul,2,linear,0:00:09.296903,OPTIMAL,126075288376,118430434948
HEURISTIC_MIGRATION_0,B,96,4,Jul,2,quadratic,0:00:09.428136,OPTIMAL,126071479273,118431752422
HEURISTIC_MIGRATION_0,B,96,4,Sep,2,constant,0:00:08.480708,OPTIMAL,126407772226,118428300995
HEURISTIC_MIGRATION_0,B,96,4,Sep,2,exponential,0:00:09.232420,OPTIMAL,126065254535,118434148904
HEURISTIC_MIGRATION_0,B,96,4,Sep,2,linear,0:00:09.014417,OPTIMAL,126067627043,118430844945
HEURISTIC_MIGRATION_0,B,96,4,Sep,2,quadratic,0:00:09.071077,OPTIMAL,126068708761,118432052575
HEURISTIC_MIGRATION_0,B,96,5,Dec,2,constant,0:00:08.159576,OPTIMAL,126753407149,118480816286
HEURISTIC_MIGRATION_0,B,96,5,Dec,2,exponential,0:00:08.699408,OPTIMAL,126493009461,118485633544
HEURISTIC_MIGRATION_0,B,96,5,Dec,2,linear,0:00:08.674913,OPTIMAL,126479753513,118482752454
HEURISTIC_MIGRATION_0,B,96,5,Dec,2,quadratic,0:00:08.688199,OPTIMAL,126494908856,118483732648
HEURISTIC_MIGRATION_0,B,96,5,Jul,2,constant,0:00:08.772079,OPTIMAL,126765544889,118478780846
HEURISTIC_MIGRATION_0,B,96,5,Jul,2,exponential,0:00:09.367066,OPTIMAL,126499078699,118485025136
HEURISTIC_MIGRATION_0,B,96,5,Jul,2,linear,0:00:09.312762,OPTIMAL,126469119161,118481492488
HEURISTIC_MIGRATION_0,B,96,5,Jul,2,quadratic,0:00:09.295475,OPTIMAL,126516692332,118482808540
HEURISTIC_MIGRATION_0,B,96,5,Sep,2,constant,0:00:08.503929,OPTIMAL,126763285142,118479358235
HEURISTIC_MIGRATION_0,B,96,5,Sep,2,exponential,0:00:09.171220,OPTIMAL,126481761684,118485205730
HEURISTIC_MIGRATION_0,B,96,5,Sep,2,linear,0:00:09.018873,OPTIMAL,126466630397,118481902205
HEURISTIC_MIGRATION_0,B,96,5,Sep,2,quadratic,0:00:09.029635,OPTIMAL,126512317526,118483109704
HEURISTIC_MIGRATION_INF,B,96,1,Dec,2,constant,0:00:16.735670,OPTIMAL,140778952410,140746801067
HEURISTIC_MIGRATION_INF,B,96,1,Dec,2,exponential,0:00:17.743504,OPTIMAL,142074488897,140751515176
HEURISTIC_MIGRATION_INF,B,96,1,Dec,2,linear,0:00:17.199866,OPTIMAL,142070988376,140748015397
HEURISTIC_MIGRATION_INF,B,96,1,Dec,2,quadratic,0:00:17.154971,OPTIMAL,142071906936,140748934933
HEURISTIC_MIGRATION_INF,B,96,1,Jul,2,constant,0:00:18.709920,OPTIMAL,143234256499,140744574785
HEURISTIC_MIGRATION_INF,B,96,1,Jul,2,exponential,0:00:26.604557,OPTIMAL,142073776411,140750802894
HEURISTIC_MIGRATION_INF,B,96,1,Jul,2,linear,0:00:24.504648,OPTIMAL,143752661720,140746417326
HEURISTIC_MIGRATION_INF,B,96,1,Jul,2,quadratic,0:00:32.959500,OPTIMAL,142070770136,140747797997
HEURISTIC_MIGRATION_INF,B,96,1,Sep,2,constant,0:00:18.702887,OPTIMAL,143434165690,140745233651
HEURISTIC_MIGRATION_INF,B,96,1,Sep,2,exponential,0:00:18.366028,OPTIMAL,142073971781,140750998243
HEURISTIC_MIGRATION_INF,B,96,1,Sep,2,linear,0:00:21.130724,OPTIMAL,142917851239,140746893473
HEURISTIC_MIGRATION_INF,B,96,1,Sep,2,quadratic,0:00:24.428178,OPTIMAL,143754377099,140748147322
HEURISTIC_MIGRATION_INF,B,96,2,Dec,2,constant,0:00:18.971101,OPTIMAL,140579558472,140549679273
HEURISTIC_MIGRATION_INF,B,96,2,Dec,2,exponential,0:00:18.545422,OPTIMAL,141537532833,140554392549
HEURISTIC_MIGRATION_INF,B,96,2,Dec,2,linear,0:00:16.864496,OPTIMAL,141534033600,140550897741
HEURISTIC_MIGRATION_INF,B,96,2,Dec,2,quadratic,0:00:17.987217,OPTIMAL,141534951050,140551817445
HEURISTIC_MIGRATION_INF,B,96,2,Jul,2,constant,0:00:19.287516,OPTIMAL,143678802711,140547453673
HEURISTIC_MIGRATION_INF,B,96,2,Jul,2,exponential,0:00:26.015218,OPTIMAL,141536820128,140553679844
HEURISTIC_MIGRATION_INF,B,96,2,Jul,2,linear,0:00:24.842826,OPTIMAL,143822542663,140549300944
HEURISTIC_MIGRATION_INF,B,96,2,Jul,2,quadratic,0:00:32.813713,OPTIMAL,141533807032,140550678278
HEURISTIC_MIGRATION_INF,B,96,2,Sep,2,constant,0:00:17.789669,OPTIMAL,143198137645,140548112053
HEURISTIC_MIGRATION_INF,B,96,2,Sep,2,exponential,0:00:18.996362,OPTIMAL,141537015896,140553875612
HEURISTIC_MIGRATION_INF,B,96,2,Sep,2,linear,0:00:23.018610,OPTIMAL,142954305087,140549776591
HEURISTIC_MIGRATION_INF,B,96,2,Sep,2,quadratic,0:00:24.812471,OPTIMAL,143824262703,140551027156
HEURISTIC_MIGRATION_INF,B,96,3,Dec,2,constant,0:00:16.581525,OPTIMAL,140725127481,140673775760
HEURISTIC_MIGRATION_INF,B,96,3,Dec,2,exponential,0:00:17.265433,OPTIMAL,140793505272,140678492424
HEURISTIC_MIGRATION_INF,B,96,3,Dec,2,linear,0:00:16.978988,OPTIMAL,140790013194,140674995723
HEURISTIC_MIGRATION_INF,B,96,3,Dec,2,quadratic,0:00:17.181222,OPTIMAL,140790929230,140675914133
HEURISTIC_MIGRATION_INF,B,96,3,Jul,2,constant,0:00:18.910863,OPTIMAL,144608490758,140671549695
HEURISTIC_MIGRATION_INF,B,96,3,Jul,2,exponential,0:00:26.067397,OPTIMAL,140792790141,140677780392
HEURISTIC_MIGRATION_INF,B,96,3,Jul,2,linear,0:00:23.980247,OPTIMAL,144490561661,140673397445
HEURISTIC_MIGRATION_INF,B,96,3,Jul,2,quadratic,0:00:32.509709,OPTIMAL,140789791388,140674778908
HEURISTIC_MIGRATION_INF,B,96,3,Sep,2,constant,0:00:18.122855,OPTIMAL,143169222155,140672208600
HEURISTIC_MIGRATION_INF,B,96,3,Sep,2,exponential,0:00:17.708520,OPTIMAL,140792987646,140677976324
HEURISTIC_MIGRATION_INF,B,96,3,Sep,2,linear,0:00:22.356899,OPTIMAL,143663874649,140673874923
HEURISTIC_MIGRATION_INF,B,96,3,Sep,2,quadratic,0:00:23.353877,OPTIMAL,144492283349,140675128594
HEURISTIC_MIGRATION_INF,B,96,4,Dec,2,constant,0:00:16.636442,OPTIMAL,140613952663,140570867253
HEURISTIC_MIGRATION_INF,B,96,4,Dec,2,exponential,0:00:17.235546,OPTIMAL,140811211471,140575584486
HEURISTIC_MIGRATION_INF,B,96,4,Dec,2,linear,0:00:16.841290,OPTIMAL,140807705376,140572081344
HEURISTIC_MIGRATION_INF,B,96,4,Dec,2,quadratic,0:00:17.214594,OPTIMAL,140808631303,140573006323
HEURISTIC_MIGRATION_INF,B,96,4,Jul,2,constant,0:00:18.088882,OPTIMAL,141556735871,140568641591
HEURISTIC_MIGRATION_INF,B,96,4,Jul,2,exponential,0:00:26.073420,OPTIMAL,140810498264,140574874073
HEURISTIC_MIGRATION_INF,B,96,4,Jul,2,linear,0:00:23.952608,OPTIMAL,143305808130,140570488155
HEURISTIC_MIGRATION_INF,B,96,4,Jul,2,quadratic,0:00:32.292978,OPTIMAL,140807497683,140571876377
HEURISTIC_MIGRATION_INF,B,96,4,Sep,2,constant,0:00:17.666484,OPTIMAL,143307298693,140569299922
HEURISTIC_MIGRATION_INF,B,96,4,Sep,2,exponential,0:00:17.734838,OPTIMAL,140810694841,140575069399
HEURISTIC_MIGRATION_INF,B,96,4,Sep,2,linear,0:00:21.694089,OPTIMAL,142729017165,140570963643
HEURISTIC_MIGRATION_INF,B,96,4,Sep,2,quadratic,0:00:23.332269,OPTIMAL,143307544473,140572224813
HEURISTIC_MIGRATION_INF,B,96,5,Dec,2,constant,0:00:19.001248,OPTIMAL,140627758159,140599833524
HEURISTIC_MIGRATION_INF,B,96,5,Dec,2,exponential,0:00:17.386907,OPTIMAL,142270206817,140604552716
HEURISTIC_MIGRATION_INF,B,96,5,Dec,2,linear,0:00:16.891946,OPTIMAL,142266706175,140601052703
HEURISTIC_MIGRATION_INF,B,96,5,Dec,2,quadratic,0:00:17.290054,OPTIMAL,142267627810,140601975560
HEURISTIC_MIGRATION_INF,B,96,5,Jul,2,constant,0:00:18.083677,OPTIMAL,144225081197,140597609144
HEURISTIC_MIGRATION_INF,B,96,5,Jul,2,exponential,0:00:26.023307,OPTIMAL,142269497894,140603843864
HEURISTIC_MIGRATION_INF,B,96,5,Jul,2,linear,0:00:23.976378,OPTIMAL,144247355107,140599460363
HEURISTIC_MIGRATION_INF,B,96,5,Jul,2,quadratic,0:00:32.360736,OPTIMAL,142266495405,140600844769
HEURISTIC_MIGRATION_INF,B,96,5,Sep,2,constant,0:00:17.649836,OPTIMAL,143605920185,140598267640
HEURISTIC_MIGRATION_INF,B,96,5,Sep,2,exponential,0:00:17.749058,OPTIMAL,142269692416,140604038378
HEURISTIC_MIGRATION_INF,B,96,5,Sep,2,linear,0:00:23.199829,OPTIMAL,142968357042,140599935416
HEURISTIC_MIGRATION_INF,B,96,5,Sep,2,quadratic,0:00:23.286271,OPTIMAL,144249076860,140601193026
HEURISTIC_SPLIT_12_EQUALS,B,96,1,Dec,2,constant,0:00:04.905827,OPTIMAL,125212493470,121222585399
HEURISTIC_SPLIT_12_EQUALS,B,96,1,Dec,2,exponential,0:00:05.743870,OPTIMAL,125204147145,121241901505
HEURISTIC_SPLIT_12_EQUALS,B,96,1,Dec,2,linear,0:00:05.666640,OPTIMAL,125206093634,121230181868
HEURISTIC_SPLIT_12_EQUALS,B,96,1,Dec,2,quadratic,0:00:05.651374,OPTIMAL,125202374623,121234189512
HEURISTIC_SPLIT_12_EQUALS,B,96,1,Jul,2,constant,0:00:04.717776,OPTIMAL,125840999140,121214334952
HEURISTIC_SPLIT_12_EQUALS,B,96,1,Jul,2,exponential,0:00:05.341395,OPTIMAL,125186414821,121239463221
HEURISTIC_SPLIT_12_EQUALS,B,96,1,Jul,2,linear,0:00:04.798535,OPTIMAL,125826663781,121225116500
HEURISTIC_SPLIT_12_EQUALS,B,96,1,Jul,2,quadratic,0:00:05.574051,OPTIMAL,125828536080,121230507284
HEURISTIC_SPLIT_12_EQUALS,B,96,1,Sep,2,constant,0:00:04.898148,OPTIMAL,125838538841,121216628259
HEURISTIC_SPLIT_12_EQUALS,B,96,1,Sep,2,exponential,0:00:06.196865,OPTIMAL,125191881408,121240188527
HEURISTIC_SPLIT_12_EQUALS,B,96,1,Sep,2,linear,0:00:04.980820,OPTIMAL,125831085636,121226748191
HEURISTIC_SPLIT_12_EQUALS,B,96,1,Sep,2,quadratic,0:00:05.431382,OPTIMAL,125834822156,121231702990
HEURISTIC_SPLIT_12_EQUALS,B,96,2,Dec,2,constant,0:00:05.377060,OPTIMAL,125117912553,121210927427
HEURISTIC_SPLIT_12_EQUALS,B,96,2,Dec,2,exponential,0:00:05.049036,OPTIMAL,125143645628,121230243038
HEURISTIC_SPLIT_12_EQUALS,B,96,2,Dec,2,linear,0:00:05.182761,OPTIMAL,125131204228,121218518713
HEURISTIC_SPLIT_12_EQUALS,B,96,2,Dec,2,quadratic,0:00:04.894887,OPTIMAL,125131988761,121222524859
HEURISTIC_SPLIT_12_EQUALS,B,96,2,Jul,2,constant,0:00:05.495528,OPTIMAL,125140589476,121202680667
HEURISTIC_SPLIT_12_EQUALS,B,96,2,Jul,2,exponential,0:00:04.924756,OPTIMAL,125134694193,121227799604
HEURISTIC_SPLIT_12_EQUALS,B,96,2,Jul,2,linear,0:00:05.304689,OPTIMAL,125136586190,121213448014
HEURISTIC_SPLIT_12_EQUALS,B,96,2,Jul,2,quadratic,0:00:05.670400,OPTIMAL,125153405854,121218846937
HEURISTIC_SPLIT_12_EQUALS,B,96,2,Sep,2,constant,0:00:06.065494,OPTIMAL,125122526175,121205112446
HEURISTIC_SPLIT_12_EQUALS,B,96,2,Sep,2,exponential,0:00:05.570623,OPTIMAL,125163792275,121228529156
HEURISTIC_SPLIT_12_EQUALS,B,96,2,Sep,2,linear,0:00:05.563216,OPTIMAL,125137662714,121215080075
HEURISTIC_SPLIT_12_EQUALS,B,96,2,Sep,2,quadratic,0:00:06.343034,OPTIMAL,125118798252,121220042404
HEURISTIC_SPLIT_12_EQUALS,B,96,3,Dec,2,constant,0:00:05.066304,OPTIMAL,125141036872,121246023702
HEURISTIC_SPLIT_12_EQUALS,B,96,3,Dec,2,exponential,0:00:05.522431,OPTIMAL,125169258810,121265344085
HEURISTIC_SPLIT_12_EQUALS,B,96,3,Dec,2,linear,0:00:04.954420,OPTIMAL,125150891845,121253614556
HEURISTIC_SPLIT_12_EQUALS,B,96,3,Dec,2,quadratic,0:00:04.921550,OPTIMAL,125157443867,121257616992
HEURISTIC_SPLIT_12_EQUALS,B,96,3,Jul,2,constant,0:00:04.976224,OPTIMAL,125182416969,121237773246
HEURISTIC_SPLIT_12_EQUALS,B,96,3,Jul,2,exponential,0:00:05.947770,OPTIMAL,125138269398,121263210345
HEURISTIC_SPLIT_12_EQUALS,B,96,3,Jul,2,linear,0:00:04.902915,OPTIMAL,125174697338,121248547277
HEURISTIC_SPLIT_12_EQUALS,B,96,3,Jul,2,quadratic,0:00:05.563173,OPTIMAL,125171546915,121253947953
HEURISTIC_SPLIT_12_EQUALS,B,96,3,Sep,2,constant,0:00:04.734598,OPTIMAL,125156888765,121240071737
HEURISTIC_SPLIT_12_EQUALS,B,96,3,Sep,2,exponential,0:00:05.593834,OPTIMAL,125166641886,121263630242
HEURISTIC_SPLIT_12_EQUALS,B,96,3,Sep,2,linear,0:00:04.848355,OPTIMAL,125154589448,121250178249
HEURISTIC_SPLIT_12_EQUALS,B,96,3,Sep,2,quadratic,0:00:04.964755,OPTIMAL,125155755986,121255145405
HEURISTIC_SPLIT_12_EQUALS,B,96,4,Dec,2,constant,0:00:05.707899,OPTIMAL,125521300837,121160988718
HEURISTIC_SPLIT_12_EQUALS,B,96,4,Dec,2,exponential,0:00:06.058512,OPTIMAL,125534903476,121180238041
HEURISTIC_SPLIT_12_EQUALS,B,96,4,Dec,2,linear,0:00:05.250624,OPTIMAL,125530785401,121168519306
HEURISTIC_SPLIT_12_EQUALS,B,96,4,Dec,2,quadratic,0:00:05.027327,OPTIMAL,125537463485,121172540035
HEURISTIC_SPLIT_12_EQUALS,B,96,4,Jul,2,constant,0:00:05.436658,OPTIMAL,125123216058,121152667420
HEURISTIC_SPLIT_12_EQUALS,B,96,4,Jul,2,exponential,0:00:05.683786,OPTIMAL,125128483986,121177801379
HEURISTIC_SPLIT_12_EQUALS,B,96,4,Jul,2,linear,0:00:05.222409,OPTIMAL,125129171345,121163452465
HEURISTIC_SPLIT_12_EQUALS,B,96,4,Jul,2,quadratic,0:00:05.648745,OPTIMAL,125132081798,121168860333
HEURISTIC_SPLIT_12_EQUALS,B,96,4,Sep,2,constant,0:00:05.538943,OPTIMAL,125093754777,121154969417
HEURISTIC_SPLIT_12_EQUALS,B,96,4,Sep,2,exponential,0:00:05.698873,OPTIMAL,125109575808,121178526446
HEURISTIC_SPLIT_12_EQUALS,B,96,4,Sep,2,linear,0:00:05.330519,OPTIMAL,125114966745,121165081234
HEURISTIC_SPLIT_12_EQUALS,B,96,4,Sep,2,quadratic,0:00:05.467156,OPTIMAL,125108616407,121170055361
HEURISTIC_SPLIT_12_EQUALS,B,96,5,Dec,2,constant,0:00:05.334150,OPTIMAL,125212400587,121202285977
HEURISTIC_SPLIT_12_EQUALS,B,96,5,Dec,2,exponential,0:00:04.785283,OPTIMAL,125215045247,121221607818
HEURISTIC_SPLIT_12_EQUALS,B,96,5,Dec,2,linear,0:00:05.263561,OPTIMAL,125223117073,121209880230
HEURISTIC_SPLIT_12_EQUALS,B,96,5,Dec,2,quadratic,0:00:05.243079,OPTIMAL,125232628743,121213884739
HEURISTIC_SPLIT_12_EQUALS,B,96,5,Jul,2,constant,0:00:05.636850,OPTIMAL,125221946662,121194034711
HEURISTIC_SPLIT_12_EQUALS,B,96,5,Jul,2,exponential,0:00:04.688475,OPTIMAL,125206767546,121219166592
HEURISTIC_SPLIT_12_EQUALS,B,96,5,Jul,2,linear,0:00:04.943033,OPTIMAL,125212135178,121204815314
HEURISTIC_SPLIT_12_EQUALS,B,96,5,Jul,2,quadratic,0:00:06.026916,OPTIMAL,125205669306,121210214075
HEURISTIC_SPLIT_12_EQUALS,B,96,5,Sep,2,constant,0:00:05.673981,OPTIMAL,125211714500,121196333821
HEURISTIC_SPLIT_12_EQUALS,B,96,5,Sep,2,exponential,0:00:05.509642,OPTIMAL,125226905198,121219893961
HEURISTIC_SPLIT_12_EQUALS,B,96,5,Sep,2,linear,0:00:05.134525,OPTIMAL,125230546655,121206442518
HEURISTIC_SPLIT_12_EQUALS,B,96,5,Sep,2,quadratic,0:00:05.300842,OPTIMAL,125211830484,121211410557
HEURISTIC_SPLIT_12_LAD,B,96,1,Dec,2,constant,0:00:05.334803,OPTIMAL,125352991052,122190694554
HEURISTIC_SPLIT_12_LAD,B,96,1,Dec,2,exponential,0:00:04.485081,OPTIMAL,125410500141,122209768113
HEURISTIC_SPLIT_12_LAD,B,96,1,Dec,2,linear,0:00:04.444274,OPTIMAL,125425308766,122197889860
HEURISTIC_SPLIT_12_LAD,B,96,1,Dec,2,quadratic,0:00:04.668955,OPTIMAL,125420588830,122202073999
HEURISTIC_SPLIT_12_LAD,B,96,1,Jul,2,constant,0:00:04.631202,OPTIMAL,125414384726,122182206873
HEURISTIC_SPLIT_12_LAD,B,96,1,Jul,2,exponential,0:00:04.697735,OPTIMAL,125396816775,122207325316
HEURISTIC_SPLIT_12_LAD,B,96,1,Jul,2,linear,0:00:05.232266,OPTIMAL,125361204045,122193175642
HEURISTIC_SPLIT_12_LAD,B,96,1,Jul,2,quadratic,0:00:04.877826,OPTIMAL,125432202087,122198354657
HEURISTIC_SPLIT_12_LAD,B,96,1,Sep,2,constant,0:00:04.737017,OPTIMAL,125444126609,122184734574
HEURISTIC_SPLIT_12_LAD,B,96,1,Sep,2,exponential,0:00:04.631835,OPTIMAL,125409379809,122208053074
HEURISTIC_SPLIT_12_LAD,B,96,1,Sep,2,linear,0:00:04.317507,OPTIMAL,125419867367,122194482255
HEURISTIC_SPLIT_12_LAD,B,96,1,Sep,2,quadratic,0:00:04.388991,OPTIMAL,125405814573,122199547724
HEURISTIC_SPLIT_12_LAD,B,96,2,Dec,2,constant,0:00:05.140568,OPTIMAL,125339132983,122118795775
HEURISTIC_SPLIT_12_LAD,B,96,2,Dec,2,exponential,0:00:04.776134,OPTIMAL,125401919191,122138266635
HEURISTIC_SPLIT_12_LAD,B,96,2,Dec,2,linear,0:00:04.824917,OPTIMAL,125400597801,122126278793
HEURISTIC_SPLIT_12_LAD,B,96,2,Dec,2,quadratic,0:00:04.833370,OPTIMAL,125342247514,122130385955
HEURISTIC_SPLIT_12_LAD,B,96,2,Jul,2,constant,0:00:04.621405,OPTIMAL,125363372287,122110432943
HEURISTIC_SPLIT_12_LAD,B,96,2,Jul,2,exponential,0:00:04.810671,OPTIMAL,125454303632,122135546111
HEURISTIC_SPLIT_12_LAD,B,96,2,Jul,2,linear,0:00:04.606260,OPTIMAL,125423698126,122121117249
HEURISTIC_SPLIT_12_LAD,B,96,2,Jul,2,quadratic,0:00:04.814611,OPTIMAL,125438235506,122126568143
HEURISTIC_SPLIT_12_LAD,B,96,2,Sep,2,constant,0:00:04.576702,OPTIMAL,125344949425,122112775927
HEURISTIC_SPLIT_12_LAD,B,96,2,Sep,2,exponential,0:00:04.673338,OPTIMAL,125465672358,122136276172
HEURISTIC_SPLIT_12_LAD,B,96,2,Sep,2,linear,0:00:04.312875,OPTIMAL,125431673723,122122715259
HEURISTIC_SPLIT_12_LAD,B,96,2,Sep,2,quadratic,0:00:04.406249,OPTIMAL,125414182923,122127758906
HEURISTIC_SPLIT_12_LAD,B,96,3,Dec,2,constant,0:00:05.109189,OPTIMAL,125361637787,122172341385
HEURISTIC_SPLIT_12_LAD,B,96,3,Dec,2,exponential,0:00:04.640957,OPTIMAL,125377364116,122191707067
HEURISTIC_SPLIT_12_LAD,B,96,3,Dec,2,linear,0:00:04.410297,OPTIMAL,125364560885,122179826831
HEURISTIC_SPLIT_12_LAD,B,96,3,Dec,2,quadratic,0:00:04.992317,OPTIMAL,125362272464,122183949036
HEURISTIC_SPLIT_12_LAD,B,96,3,Jul,2,constant,0:00:04.501712,OPTIMAL,125361377318,122164139256
HEURISTIC_SPLIT_12_LAD,B,96,3,Jul,2,exponential,0:00:05.319934,OPTIMAL,125386573442,122189264817
HEURISTIC_SPLIT_12_LAD,B,96,3,Jul,2,linear,0:00:04.427864,OPTIMAL,125380156858,122174825812
HEURISTIC_SPLIT_12_LAD,B,96,3,Jul,2,quadratic,0:00:05.435332,OPTIMAL,125367154577,122180290767
HEURISTIC_SPLIT_12_LAD,B,96,3,Sep,2,constant,0:00:05.040683,OPTIMAL,125358973941,122166892000
HEURISTIC_SPLIT_12_LAD,B,96,3,Sep,2,exponential,0:00:04.927829,OPTIMAL,125376751208,122189991920
HEURISTIC_SPLIT_12_LAD,B,96,3,Sep,2,linear,0:00:04.832887,OPTIMAL,125374389172,122176419335
HEURISTIC_SPLIT_12_LAD,B,96,3,Sep,2,quadratic,0:00:04.854221,OPTIMAL,125377537690,122181485223
HEURISTIC_SPLIT_12_LAD,B,96,4,Dec,2,constant,0:00:05.182092,OPTIMAL,125301884805,122105560526
HEURISTIC_SPLIT_12_LAD,B,96,4,Dec,2,exponential,0:00:04.443760,OPTIMAL,125302247316,122124919306
HEURISTIC_SPLIT_12_LAD,B,96,4,Dec,2,linear,0:00:04.339561,OPTIMAL,125316495164,122113036796
HEURISTIC_SPLIT_12_LAD,B,96,4,Dec,2,quadratic,0:00:05.041458,OPTIMAL,125316503417,122117163471
HEURISTIC_SPLIT_12_LAD,B,96,4,Jul,2,constant,0:00:04.888192,OPTIMAL,125314015951,122097363843
HEURISTIC_SPLIT_12_LAD,B,96,4,Jul,2,exponential,0:00:04.583322,OPTIMAL,125312339479,122122479035
HEURISTIC_SPLIT_12_LAD,B,96,4,Jul,2,linear,0:00:04.567674,OPTIMAL,125338641299,122108040601
HEURISTIC_SPLIT_12_LAD,B,96,4,Jul,2,quadratic,0:00:05.339552,OPTIMAL,125321318766,122113505551
HEURISTIC_SPLIT_12_LAD,B,96,4,Sep,2,constant,0:00:05.167628,OPTIMAL,125306251029,122099861928
HEURISTIC_SPLIT_12_LAD,B,96,4,Sep,2,exponential,0:00:05.680482,OPTIMAL,125306875384,122123605958
HEURISTIC_SPLIT_12_LAD,B,96,4,Sep,2,linear,0:00:04.485305,OPTIMAL,125333411488,122109633813
HEURISTIC_SPLIT_12_LAD,B,96,4,Sep,2,quadratic,0:00:05.035913,OPTIMAL,125305950223,122114699698
HEURISTIC_SPLIT_12_LAD,B,96,5,Dec,2,constant,0:00:05.080407,OPTIMAL,125454880140,122137095199
HEURISTIC_SPLIT_12_LAD,B,96,5,Dec,2,exponential,0:00:04.338462,OPTIMAL,125495339442,122156449607
HEURISTIC_SPLIT_12_LAD,B,96,5,Dec,2,linear,0:00:04.325162,OPTIMAL,125491754746,122144587305
HEURISTIC_SPLIT_12_LAD,B,96,5,Dec,2,quadratic,0:00:04.421049,OPTIMAL,125455265785,122148690735
HEURISTIC_SPLIT_12_LAD,B,96,5,Jul,2,constant,0:00:04.739310,OPTIMAL,125456274111,122128894805
HEURISTIC_SPLIT_12_LAD,B,96,5,Jul,2,exponential,0:00:04.683351,OPTIMAL,125505017176,122154006471
HEURISTIC_SPLIT_12_LAD,B,96,5,Jul,2,linear,0:00:05.172779,OPTIMAL,125493105191,122139588561
HEURISTIC_SPLIT_12_LAD,B,96,5,Jul,2,quadratic,0:00:04.850007,OPTIMAL,125498197213,122145039500
HEURISTIC_SPLIT_12_LAD,B,96,5,Sep,2,constant,0:00:05.114394,OPTIMAL,125452779741,122131234637
HEURISTIC_SPLIT_12_LAD,B,96,5,Sep,2,exponential,0:00:05.015237,OPTIMAL,125348394479,122155257146
HEURISTIC_SPLIT_12_LAD,B,96,5,Sep,2,linear,0:00:04.676020,OPTIMAL,125506261915,122141181491
HEURISTIC_SPLIT_12_LAD,B,96,5,Sep,2,quadratic,0:00:04.339055,OPTIMAL,125506462153,122146231204
HEURISTIC_SPLIT_12_LSD,B,96,1,Dec,2,constant,0:00:04.764279,OPTIMAL,125173975679,121486816972
HEURISTIC_SPLIT_12_LSD,B,96,1,Dec,2,exponential,0:00:04.430778,OPTIMAL,125181308502,121506179687
HEURISTIC_SPLIT_12_LSD,B,96,1,Dec,2,linear,0:00:04.584199,OPTIMAL,125167666428,121494127807
HEURISTIC_SPLIT_12_LSD,B,96,1,Dec,2,quadratic,0:00:04.662112,OPTIMAL,125164047733,121498317021
HEURISTIC_SPLIT_12_LSD,B,96,1,Jul,2,constant,0:00:04.589689,OPTIMAL,125238796958,121478596857
HEURISTIC_SPLIT_12_LSD,B,96,1,Jul,2,exponential,0:00:04.224317,OPTIMAL,125279754297,121503734708
HEURISTIC_SPLIT_12_LSD,B,96,1,Jul,2,linear,0:00:04.272211,OPTIMAL,125237873084,121489150760
HEURISTIC_SPLIT_12_LSD,B,96,1,Jul,2,quadratic,0:00:04.505050,OPTIMAL,125280048899,121494694076
HEURISTIC_SPLIT_12_LSD,B,96,1,Sep,2,constant,0:00:04.615550,OPTIMAL,125234006622,121480924758
HEURISTIC_SPLIT_12_LSD,B,96,1,Sep,2,exponential,0:00:04.268054,OPTIMAL,125234787398,121504464278
HEURISTIC_SPLIT_12_LSD,B,96,1,Sep,2,linear,0:00:04.333018,OPTIMAL,125225099507,121490726309
HEURISTIC_SPLIT_12_LSD,B,96,1,Sep,2,quadratic,0:00:04.444920,OPTIMAL,125271196648,121495885591
HEURISTIC_SPLIT_12_LSD,B,96,2,Dec,2,constant,0:00:04.909003,OPTIMAL,125042111039,121434016408
HEURISTIC_SPLIT_12_LSD,B,96,2,Dec,2,exponential,0:00:05.080392,OPTIMAL,125029105896,121453376789
HEURISTIC_SPLIT_12_LSD,B,96,2,Dec,2,linear,0:00:04.871986,OPTIMAL,125038440697,121441335568
HEURISTIC_SPLIT_12_LSD,B,96,2,Dec,2,quadratic,0:00:04.741096,OPTIMAL,125045731626,121445525353
HEURISTIC_SPLIT_12_LSD,B,96,2,Jul,2,constant,0:00:04.504847,OPTIMAL,125071337771,121425561300
HEURISTIC_SPLIT_12_LSD,B,96,2,Jul,2,exponential,0:00:04.006510,OPTIMAL,125085182131,121450695429
HEURISTIC_SPLIT_12_LSD,B,96,2,Jul,2,linear,0:00:04.310505,OPTIMAL,125085004702,121436129740
HEURISTIC_SPLIT_12_LSD,B,96,2,Jul,2,quadratic,0:00:04.485560,OPTIMAL,125068039166,121441667246
HEURISTIC_SPLIT_12_LSD,B,96,2,Sep,2,constant,0:00:04.430141,OPTIMAL,125076752059,121427890778
HEURISTIC_SPLIT_12_LSD,B,96,2,Sep,2,exponential,0:00:04.197044,OPTIMAL,125074406880,121451425529
HEURISTIC_SPLIT_12_LSD,B,96,2,Sep,2,linear,0:00:04.479645,OPTIMAL,125067830958,121437702236
HEURISTIC_SPLIT_12_LSD,B,96,2,Sep,2,quadratic,0:00:04.360185,OPTIMAL,125072897919,121442858866
HEURISTIC_SPLIT_12_LSD,B,96,3,Dec,2,constant,0:00:04.935974,OPTIMAL,125219138719,121494222428
HEURISTIC_SPLIT_12_LSD,B,96,3,Dec,2,exponential,0:00:05.004832,OPTIMAL,125203078030,121513585269
HEURISTIC_SPLIT_12_LSD,B,96,3,Dec,2,linear,0:00:04.682922,OPTIMAL,125223996279,121501546958
HEURISTIC_SPLIT_12_LSD,B,96,3,Dec,2,quadratic,0:00:05.113886,OPTIMAL,125224567161,121505711250
HEURISTIC_SPLIT_12_LSD,B,96,3,Jul,2,constant,0:00:04.618987,OPTIMAL,125211577340,121485996243
HEURISTIC_SPLIT_12_LSD,B,96,3,Jul,2,exponential,0:00:04.283285,OPTIMAL,125206700556,121511139168
HEURISTIC_SPLIT_12_LSD,B,96,3,Jul,2,linear,0:00:04.438385,OPTIMAL,125216395123,121496556121
HEURISTIC_SPLIT_12_LSD,B,96,3,Jul,2,quadratic,0:00:04.928835,OPTIMAL,125222627780,121502111865
HEURISTIC_SPLIT_12_LSD,B,96,3,Sep,2,constant,0:00:04.486993,OPTIMAL,125205821750,121488322798
HEURISTIC_SPLIT_12_LSD,B,96,3,Sep,2,exponential,0:00:04.576629,OPTIMAL,125207423076,121511870002
HEURISTIC_SPLIT_12_LSD,B,96,3,Sep,2,linear,0:00:04.384062,OPTIMAL,125208660582,121498145026
HEURISTIC_SPLIT_12_LSD,B,96,3,Sep,2,quadratic,0:00:04.783676,OPTIMAL,125227612969,121503305903
HEURISTIC_SPLIT_12_LSD,B,96,4,Dec,2,constant,0:00:05.000468,OPTIMAL,125115252515,121367233056
HEURISTIC_SPLIT_12_LSD,B,96,4,Dec,2,exponential,0:00:04.788995,OPTIMAL,125122875670,121386591407
HEURISTIC_SPLIT_12_LSD,B,96,4,Dec,2,linear,0:00:04.961650,OPTIMAL,125126125002,121374551389
HEURISTIC_SPLIT_12_LSD,B,96,4,Dec,2,quadratic,0:00:05.271174,OPTIMAL,125123392923,121378726836
HEURISTIC_SPLIT_12_LSD,B,96,4,Jul,2,constant,0:00:05.216803,OPTIMAL,125094508092,121359009907
HEURISTIC_SPLIT_12_LSD,B,96,4,Jul,2,exponential,0:00:04.588950,OPTIMAL,125126912414,121384147134
HEURISTIC_SPLIT_12_LSD,B,96,4,Jul,2,linear,0:00:05.495077,OPTIMAL,125111065031,121369674371
HEURISTIC_SPLIT_12_LSD,B,96,4,Jul,2,quadratic,0:00:04.970921,OPTIMAL,125120887655,121375110635
HEURISTIC_SPLIT_12_LSD,B,96,4,Sep,2,constant,0:00:05.486652,OPTIMAL,124989022047,121361701311
HEURISTIC_SPLIT_12_LSD,B,96,4,Sep,2,exponential,0:00:04.647989,OPTIMAL,125116586902,121384876818
HEURISTIC_SPLIT_12_LSD,B,96,4,Sep,2,linear,0:00:04.699464,OPTIMAL,125099325944,121371143024
HEURISTIC_SPLIT_12_LSD,B,96,4,Sep,2,quadratic,0:00:04.964416,OPTIMAL,125121524687,121376303716
HEURISTIC_SPLIT_12_LSD,B,96,5,Dec,2,constant,0:00:05.133587,OPTIMAL,125225335095,121476165489
HEURISTIC_SPLIT_12_LSD,B,96,5,Dec,2,exponential,0:00:04.304092,OPTIMAL,125238858361,121495527510
HEURISTIC_SPLIT_12_LSD,B,96,5,Dec,2,linear,0:00:04.463275,OPTIMAL,125227105379,121483469320
HEURISTIC_SPLIT_12_LSD,B,96,5,Dec,2,quadratic,0:00:04.396758,OPTIMAL,125230043123,121487657097
HEURISTIC_SPLIT_12_LSD,B,96,5,Jul,2,constant,0:00:05.010175,OPTIMAL,125237019361,121467944719
HEURISTIC_SPLIT_12_LSD,B,96,5,Jul,2,exponential,0:00:04.067011,OPTIMAL,125238642203,121493082932
HEURISTIC_SPLIT_12_LSD,B,96,5,Jul,2,linear,0:00:05.059775,OPTIMAL,125236001398,121478491882
HEURISTIC_SPLIT_12_LSD,B,96,5,Jul,2,quadratic,0:00:04.522670,OPTIMAL,125241397614,121484035568
HEURISTIC_SPLIT_12_LSD,B,96,5,Sep,2,constant,0:00:04.711101,OPTIMAL,125223226719,121470272191
HEURISTIC_SPLIT_12_LSD,B,96,5,Sep,2,exponential,0:00:04.299654,OPTIMAL,125241485979,121493812288
HEURISTIC_SPLIT_12_LSD,B,96,5,Sep,2,linear,0:00:04.742807,OPTIMAL,125231828946,121480069566
HEURISTIC_SPLIT_12_LSD,B,96,5,Sep,2,quadratic,0:00:04.422712,OPTIMAL,125242919817,121485229122
HEURISTIC_SPLIT_24_EQUALS,B,96,1,Dec,2,constant,0:00:04.965561,OPTIMAL,125710304327,119668514472
HEURISTIC_SPLIT_24_EQUALS,B,96,1,Dec,2,exponential,0:00:05.595715,OPTIMAL,125721767986,119687825550
HEURISTIC_SPLIT_24_EQUALS,B,96,1,Dec,2,linear,0:00:05.607795,OPTIMAL,125707104285,119676201169
HEURISTIC_SPLIT_24_EQUALS,B,96,1,Dec,2,quadratic,0:00:05.554540,OPTIMAL,125713662069,119680173076
HEURISTIC_SPLIT_24_EQUALS,B,96,1,Jul,2,constant,0:00:05.013749,OPTIMAL,125704143987,119660326897
HEURISTIC_SPLIT_24_EQUALS,B,96,1,Jul,2,exponential,0:00:05.613893,OPTIMAL,125706342946,119685384666
HEURISTIC_SPLIT_24_EQUALS,B,96,1,Jul,2,linear,0:00:05.424580,OPTIMAL,125702978815,119671156558
HEURISTIC_SPLIT_24_EQUALS,B,96,1,Jul,2,quadratic,0:00:05.770510,OPTIMAL,125712599278,119676493586
HEURISTIC_SPLIT_24_EQUALS,B,96,1,Sep,2,constant,0:00:05.084463,OPTIMAL,125719774301,119662637876
HEURISTIC_SPLIT_24_EQUALS,B,96,1,Sep,2,exponential,0:00:05.582596,OPTIMAL,125729474862,119686112316
HEURISTIC_SPLIT_24_EQUALS,B,96,1,Sep,2,linear,0:00:04.959403,OPTIMAL,125712288161,119672788321
HEURISTIC_SPLIT_24_EQUALS,B,96,1,Sep,2,quadratic,0:00:05.564965,OPTIMAL,125723598088,119677689394
HEURISTIC_SPLIT_24_EQUALS,B,96,2,Dec,2,constant,0:00:05.797473,OPTIMAL,125851343005,119670014087
HEURISTIC_SPLIT_24_EQUALS,B,96,2,Dec,2,exponential,0:00:05.155053,OPTIMAL,125880209238,119689322387
HEURISTIC_SPLIT_24_EQUALS,B,96,2,Dec,2,linear,0:00:05.683613,OPTIMAL,125876540220,119677709547
HEURISTIC_SPLIT_24_EQUALS,B,96,2,Dec,2,quadratic,0:00:05.121204,OPTIMAL,125884430958,119681667808
HEURISTIC_SPLIT_24_EQUALS,B,96,2,Jul,2,constant,0:00:05.740074,OPTIMAL,125846449745,119661829069
HEURISTIC_SPLIT_24_EQUALS,B,96,2,Jul,2,exponential,0:00:05.106115,OPTIMAL,125892108320,119686881339
HEURISTIC_SPLIT_24_EQUALS,B,96,2,Jul,2,linear,0:00:05.823148,OPTIMAL,125878067908,119672655194
HEURISTIC_SPLIT_24_EQUALS,B,96,2,Jul,2,quadratic,0:00:05.279852,OPTIMAL,125889186547,119677987904
HEURISTIC_SPLIT_24_EQUALS,B,96,2,Sep,2,constant,0:00:05.359820,OPTIMAL,125861518116,119664138971
HEURISTIC_SPLIT_24_EQUALS,B,96,2,Sep,2,exponential,0:00:05.206334,OPTIMAL,125873865701,119687610219
HEURISTIC_SPLIT_24_EQUALS,B,96,2,Sep,2,linear,0:00:05.434116,OPTIMAL,125881749277,119674287003
HEURISTIC_SPLIT_24_EQUALS,B,96,2,Sep,2,quadratic,0:00:05.675119,OPTIMAL,125886875613,119679183231
HEURISTIC_SPLIT_24_EQUALS,B,96,3,Dec,2,constant,0:00:05.259116,OPTIMAL,125840750358,119682102625
HEURISTIC_SPLIT_24_EQUALS,B,96,3,Dec,2,exponential,0:00:05.721570,OPTIMAL,125858114488,119701418200
HEURISTIC_SPLIT_24_EQUALS,B,96,3,Dec,2,linear,0:00:05.285295,OPTIMAL,125841554956,119689791610
HEURISTIC_SPLIT_24_EQUALS,B,96,3,Dec,2,quadratic,0:00:05.830146,OPTIMAL,125846132500,119693766479
HEURISTIC_SPLIT_24_EQUALS,B,96,3,Jul,2,constant,0:00:05.226897,OPTIMAL,125846178880,119673911619
HEURISTIC_SPLIT_24_EQUALS,B,96,3,Jul,2,exponential,0:00:06.023833,OPTIMAL,125825373884,119698977565
HEURISTIC_SPLIT_24_EQUALS,B,96,3,Jul,2,linear,0:00:05.437789,OPTIMAL,125839661306,119684739948
HEURISTIC_SPLIT_24_EQUALS,B,96,3,Jul,2,quadratic,0:00:05.461930,OPTIMAL,125828038070,119690113313
HEURISTIC_SPLIT_24_EQUALS,B,96,3,Sep,2,constant,0:00:05.336883,OPTIMAL,125843219073,119676224141
HEURISTIC_SPLIT_24_EQUALS,B,96,3,Sep,2,exponential,0:00:05.825251,OPTIMAL,125848364816,119699704756
HEURISTIC_SPLIT_24_EQUALS,B,96,3,Sep,2,linear,0:00:05.454287,OPTIMAL,125844188839,119686377572
HEURISTIC_SPLIT_24_EQUALS,B,96,3,Sep,2,quadratic,0:00:05.289373,OPTIMAL,125836640485,119691277581
HEURISTIC_SPLIT_24_EQUALS,B,96,4,Dec,2,constant,0:00:05.940059,OPTIMAL,125554726692,119604520231
HEURISTIC_SPLIT_24_EQUALS,B,96,4,Dec,2,exponential,0:00:06.111293,OPTIMAL,125572867729,119623925313
HEURISTIC_SPLIT_24_EQUALS,B,96,4,Dec,2,linear,0:00:05.784510,OPTIMAL,125547471116,119612204133
HEURISTIC_SPLIT_24_EQUALS,B,96,4,Dec,2,quadratic,0:00:05.559667,OPTIMAL,125541717287,119616181111
HEURISTIC_SPLIT_24_EQUALS,B,96,4,Jul,2,constant,0:00:05.755308,OPTIMAL,125564576551,119596333079
HEURISTIC_SPLIT_24_EQUALS,B,96,4,Jul,2,exponential,0:00:06.122497,OPTIMAL,125564564409,119621389331
HEURISTIC_SPLIT_24_EQUALS,B,96,4,Jul,2,linear,0:00:05.762530,OPTIMAL,125559150037,119607153844
HEURISTIC_SPLIT_24_EQUALS,B,96,4,Jul,2,quadratic,0:00:06.044004,OPTIMAL,125545501569,119612497152
HEURISTIC_SPLIT_24_EQUALS,B,96,4,Sep,2,constant,0:00:05.807925,OPTIMAL,125557216657,119598642263
HEURISTIC_SPLIT_24_EQUALS,B,96,4,Sep,2,exponential,0:00:05.989129,OPTIMAL,125584593033,119622118009
HEURISTIC_SPLIT_24_EQUALS,B,96,4,Sep,2,linear,0:00:05.649442,OPTIMAL,125559075401,119608788674
HEURISTIC_SPLIT_24_EQUALS,B,96,4,Sep,2,quadratic,0:00:05.639421,OPTIMAL,125547013360,119613692686
HEURISTIC_SPLIT_24_EQUALS,B,96,5,Dec,2,constant,0:00:05.352239,OPTIMAL,125706086275,119648277022
HEURISTIC_SPLIT_24_EQUALS,B,96,5,Dec,2,exponential,0:00:04.906418,OPTIMAL,125716618789,119667588974
HEURISTIC_SPLIT_24_EQUALS,B,96,5,Dec,2,linear,0:00:05.383328,OPTIMAL,125723659735,119655963959
HEURISTIC_SPLIT_24_EQUALS,B,96,5,Dec,2,quadratic,0:00:05.361046,OPTIMAL,125716118457,119659938822
HEURISTIC_SPLIT_24_EQUALS,B,96,5,Jul,2,constant,0:00:05.694457,OPTIMAL,125696159769,119640091138
HEURISTIC_SPLIT_24_EQUALS,B,96,5,Jul,2,exponential,0:00:05.037756,OPTIMAL,125726631137,119665148146
HEURISTIC_SPLIT_24_EQUALS,B,96,5,Jul,2,linear,0:00:05.542528,OPTIMAL,125723693534,119650920455
HEURISTIC_SPLIT_24_EQUALS,B,96,5,Jul,2,quadratic,0:00:05.526315,OPTIMAL,125715312818,119656261449
HEURISTIC_SPLIT_24_EQUALS,B,96,5,Sep,2,constant,0:00:05.509186,OPTIMAL,125694516193,119642403098
HEURISTIC_SPLIT_24_EQUALS,B,96,5,Sep,2,exponential,0:00:04.974418,OPTIMAL,125720003660,119665876190
HEURISTIC_SPLIT_24_EQUALS,B,96,5,Sep,2,linear,0:00:05.446762,OPTIMAL,125726267983,119652553594
HEURISTIC_SPLIT_24_EQUALS,B,96,5,Sep,2,quadratic,0:00:05.427959,OPTIMAL,125716241149,119657457176
HEURISTIC_SPLIT_24_LAD,B,96,1,Dec,2,constant,0:00:04.907220,OPTIMAL,124700963530,119839286794
HEURISTIC_SPLIT_24_LAD,B,96,1,Dec,2,exponential,0:00:04.849960,OPTIMAL,124701654351,119858636813
HEURISTIC_SPLIT_24_LAD,B,96,1,Dec,2,linear,0:00:04.731004,OPTIMAL,124694375895,119846866253
HEURISTIC_SPLIT_24_LAD,B,96,1,Dec,2,quadratic,0:00:04.692645,OPTIMAL,124698671703,119850959025
HEURISTIC_SPLIT_24_LAD,B,96,1,Jul,2,constant,0:00:04.984017,OPTIMAL,124667629735,119831098097
HEURISTIC_SPLIT_24_LAD,B,96,1,Jul,2,exponential,0:00:04.809369,OPTIMAL,124663347854,119856196502
HEURISTIC_SPLIT_24_LAD,B,96,1,Jul,2,linear,0:00:05.033066,OPTIMAL,124680451584,119841869763
HEURISTIC_SPLIT_24_LAD,B,96,1,Jul,2,quadratic,0:00:04.945651,OPTIMAL,124673858903,119847286648
HEURISTIC_SPLIT_24_LAD,B,96,1,Sep,2,constant,0:00:05.051890,OPTIMAL,124685997308,119833447264
HEURISTIC_SPLIT_24_LAD,B,96,1,Sep,2,exponential,0:00:04.721115,OPTIMAL,124703212378,119856922617
HEURISTIC_SPLIT_24_LAD,B,96,1,Sep,2,linear,0:00:04.824915,OPTIMAL,124679060615,119843462008
HEURISTIC_SPLIT_24_LAD,B,96,1,Sep,2,quadratic,0:00:04.915291,OPTIMAL,124697702430,119848479850
HEURISTIC_SPLIT_24_LAD,B,96,2,Dec,2,constant,0:00:05.546572,OPTIMAL,124556426226,119822886835
HEURISTIC_SPLIT_24_LAD,B,96,2,Dec,2,exponential,0:00:05.550699,OPTIMAL,124566554950,119842266600
HEURISTIC_SPLIT_24_LAD,B,96,2,Dec,2,linear,0:00:05.259608,OPTIMAL,124566995602,119830388276
HEURISTIC_SPLIT_24_LAD,B,96,2,Dec,2,quadratic,0:00:05.327481,OPTIMAL,124578266648,119834466300
HEURISTIC_SPLIT_24_LAD,B,96,2,Jul,2,constant,0:00:05.674252,OPTIMAL,124583111303,119814703001
HEURISTIC_SPLIT_24_LAD,B,96,2,Jul,2,exponential,0:00:05.348926,OPTIMAL,124573689018,119839707234
HEURISTIC_SPLIT_24_LAD,B,96,2,Jul,2,linear,0:00:05.576184,OPTIMAL,124594339006,119825389019
HEURISTIC_SPLIT_24_LAD,B,96,2,Jul,2,quadratic,0:00:05.436790,OPTIMAL,124587395406,119830799061
HEURISTIC_SPLIT_24_LAD,B,96,2,Sep,2,constant,0:00:05.627661,OPTIMAL,124553689208,119817024421
HEURISTIC_SPLIT_24_LAD,B,96,2,Sep,2,exponential,0:00:05.209358,OPTIMAL,124584146057,119840434052
HEURISTIC_SPLIT_24_LAD,B,96,2,Sep,2,linear,0:00:05.261077,OPTIMAL,124573402398,119826981886
HEURISTIC_SPLIT_24_LAD,B,96,2,Sep,2,quadratic,0:00:05.350472,OPTIMAL,124589191272,119831990440
HEURISTIC_SPLIT_24_LAD,B,96,3,Dec,2,constant,0:00:05.437975,OPTIMAL,124397176950,119852053864
HEURISTIC_SPLIT_24_LAD,B,96,3,Dec,2,exponential,0:00:05.374270,OPTIMAL,124415784074,119871408889
HEURISTIC_SPLIT_24_LAD,B,96,3,Dec,2,linear,0:00:04.845560,OPTIMAL,124623502833,119859637046
HEURISTIC_SPLIT_24_LAD,B,96,3,Dec,2,quadratic,0:00:05.419652,OPTIMAL,124639592460,119863718001
HEURISTIC_SPLIT_24_LAD,B,96,3,Jul,2,constant,0:00:04.892335,OPTIMAL,124455240255,119843756881
HEURISTIC_SPLIT_24_LAD,B,96,3,Jul,2,exponential,0:00:05.249486,OPTIMAL,124475711511,119868854167
HEURISTIC_SPLIT_24_LAD,B,96,3,Jul,2,linear,0:00:04.932405,OPTIMAL,124470834614,119854515879
HEURISTIC_SPLIT_24_LAD,B,96,3,Jul,2,quadratic,0:00:05.122281,OPTIMAL,124461976593,119859925979
HEURISTIC_SPLIT_24_LAD,B,96,3,Sep,2,constant,0:00:04.865245,OPTIMAL,124456490658,119846098140
HEURISTIC_SPLIT_24_LAD,B,96,3,Sep,2,exponential,0:00:05.009143,OPTIMAL,124471704633,119869581584
HEURISTIC_SPLIT_24_LAD,B,96,3,Sep,2,linear,0:00:05.324287,OPTIMAL,124454282447,119856105185
HEURISTIC_SPLIT_24_LAD,B,96,3,Sep,2,quadratic,0:00:05.178246,OPTIMAL,124481673027,119861120157
HEURISTIC_SPLIT_24_LAD,B,96,4,Dec,2,constant,0:00:05.035355,OPTIMAL,124672855578,119775088143
HEURISTIC_SPLIT_24_LAD,B,96,4,Dec,2,exponential,0:00:05.123311,OPTIMAL,124674110249,119794438766
HEURISTIC_SPLIT_24_LAD,B,96,4,Dec,2,linear,0:00:05.112161,OPTIMAL,124701378121,119782661210
HEURISTIC_SPLIT_24_LAD,B,96,4,Dec,2,quadratic,0:00:05.752998,OPTIMAL,124673372587,119787182687
HEURISTIC_SPLIT_24_LAD,B,96,4,Jul,2,constant,0:00:05.697931,OPTIMAL,124688283804,119766943611
HEURISTIC_SPLIT_24_LAD,B,96,4,Jul,2,exponential,0:00:04.860226,OPTIMAL,124631123407,119791999299
HEURISTIC_SPLIT_24_LAD,B,96,4,Jul,2,linear,0:00:05.653782,OPTIMAL,124690497796,119777784841
HEURISTIC_SPLIT_24_LAD,B,96,4,Jul,2,quadratic,0:00:05.241910,OPTIMAL,124686533025,119783137335
HEURISTIC_SPLIT_24_LAD,B,96,4,Sep,2,constant,0:00:05.148147,OPTIMAL,124671608869,119769381392
HEURISTIC_SPLIT_24_LAD,B,96,4,Sep,2,exponential,0:00:04.863988,OPTIMAL,124693778909,119792725609
HEURISTIC_SPLIT_24_LAD,B,96,4,Sep,2,linear,0:00:05.597467,OPTIMAL,124675940447,119779379083
HEURISTIC_SPLIT_24_LAD,B,96,4,Sep,2,quadratic,0:00:05.622608,OPTIMAL,124694148058,119784311824
HEURISTIC_SPLIT_24_LAD,B,96,5,Dec,2,constant,0:00:05.814149,OPTIMAL,124391373579,119814548755
HEURISTIC_SPLIT_24_LAD,B,96,5,Dec,2,exponential,0:00:05.396485,OPTIMAL,124395711950,119833899074
HEURISTIC_SPLIT_24_LAD,B,96,5,Dec,2,linear,0:00:05.341201,OPTIMAL,124620702934,119822135947
HEURISTIC_SPLIT_24_LAD,B,96,5,Dec,2,quadratic,0:00:05.105469,OPTIMAL,124621560701,119826213757
HEURISTIC_SPLIT_24_LAD,B,96,5,Jul,2,constant,0:00:05.604794,OPTIMAL,124380257848,119806255383
HEURISTIC_SPLIT_24_LAD,B,96,5,Jul,2,exponential,0:00:05.023294,OPTIMAL,124388473197,119831344109
HEURISTIC_SPLIT_24_LAD,B,96,5,Jul,2,linear,0:00:05.441432,OPTIMAL,124403886298,119817018778
HEURISTIC_SPLIT_24_LAD,B,96,5,Jul,2,quadratic,0:00:05.339774,OPTIMAL,124397453479,119822540893
HEURISTIC_SPLIT_24_LAD,B,96,5,Sep,2,constant,0:00:05.557069,OPTIMAL,124396921054,119808707556
HEURISTIC_SPLIT_24_LAD,B,96,5,Sep,2,exponential,0:00:04.785308,OPTIMAL,124392490992,119832070017
HEURISTIC_SPLIT_24_LAD,B,96,5,Sep,2,linear,0:00:05.419659,OPTIMAL,124379809736,119818605146
HEURISTIC_SPLIT_24_LAD,B,96,5,Sep,2,quadratic,0:00:04.990709,OPTIMAL,124369307997,119823618051
HEURISTIC_SPLIT_24_LSD,B,96,1,Dec,2,constant,0:00:05.861413,OPTIMAL,124703600425,120147481588
HEURISTIC_SPLIT_24_LSD,B,96,1,Dec,2,exponential,0:00:04.991581,OPTIMAL,124762725935,120166553249
HEURISTIC_SPLIT_24_LSD,B,96,1,Dec,2,linear,0:00:05.080801,OPTIMAL,124769208154,120154681546
HEURISTIC_SPLIT_24_LSD,B,96,1,Dec,2,quadratic,0:00:05.162873,OPTIMAL,124764101638,120158859136
HEURISTIC_SPLIT_24_LSD,B,96,1,Jul,2,constant,0:00:05.251070,OPTIMAL,124740632667,120139006255
HEURISTIC_SPLIT_24_LSD,B,96,1,Jul,2,exponential,0:00:05.182349,OPTIMAL,124731916829,120164111115
HEURISTIC_SPLIT_24_LSD,B,96,1,Jul,2,linear,0:00:05.770652,OPTIMAL,124686970147,120149964158
HEURISTIC_SPLIT_24_LSD,B,96,1,Jul,2,quadratic,0:00:05.384380,OPTIMAL,124740868847,120155144839
HEURISTIC_SPLIT_24_LSD,B,96,1,Sep,2,constant,0:00:05.185347,OPTIMAL,124741576426,120141334129
HEURISTIC_SPLIT_24_LSD,B,96,1,Sep,2,exponential,0:00:05.286643,OPTIMAL,124763187111,120164838874
HEURISTIC_SPLIT_24_LSD,B,96,1,Sep,2,linear,0:00:04.986476,OPTIMAL,124744029673,120151279078
HEURISTIC_SPLIT_24_LSD,B,96,1,Sep,2,quadratic,0:00:05.065804,OPTIMAL,124753459232,120156337412
HEURISTIC_SPLIT_24_LSD,B,96,2,Dec,2,constant,0:00:05.052924,OPTIMAL,124738610076,120114177895
HEURISTIC_SPLIT_24_LSD,B,96,2,Dec,2,exponential,0:00:04.850543,OPTIMAL,124809567176,120133646499
HEURISTIC_SPLIT_24_LSD,B,96,2,Dec,2,linear,0:00:04.911248,OPTIMAL,124808399240,120121665684
HEURISTIC_SPLIT_24_LSD,B,96,2,Dec,2,quadratic,0:00:04.828431,OPTIMAL,124747745061,120125765819
HEURISTIC_SPLIT_24_LSD,B,96,2,Jul,2,constant,0:00:05.150619,OPTIMAL,124749198752,120105983663
HEURISTIC_SPLIT_24_LSD,B,96,2,Jul,2,exponential,0:00:05.053120,OPTIMAL,124827333851,120131082763
HEURISTIC_SPLIT_24_LSD,B,96,2,Jul,2,linear,0:00:05.046641,OPTIMAL,124833099459,120116656801
HEURISTIC_SPLIT_24_LSD,B,96,2,Jul,2,quadratic,0:00:05.248425,OPTIMAL,124824681712,120122109365
HEURISTIC_SPLIT_24_LSD,B,96,2,Sep,2,constant,0:00:05.040549,OPTIMAL,124736843211,120108310885
HEURISTIC_SPLIT_24_LSD,B,96,2,Sep,2,exponential,0:00:05.122385,OPTIMAL,124854903250,120131812824
HEURISTIC_SPLIT_24_LSD,B,96,2,Sep,2,linear,0:00:04.764600,OPTIMAL,124825661450,120118263463
HEURISTIC_SPLIT_24_LSD,B,96,2,Sep,2,quadratic,0:00:04.854163,OPTIMAL,124826862881,120123299498
HEURISTIC_SPLIT_24_LSD,B,96,3,Dec,2,constant,0:00:05.275989,OPTIMAL,124408025269,120115985312
HEURISTIC_SPLIT_24_LSD,B,96,3,Dec,2,exponential,0:00:05.280621,OPTIMAL,124419095795,120135351181
HEURISTIC_SPLIT_24_LSD,B,96,3,Dec,2,linear,0:00:05.038276,OPTIMAL,124624949646,120123541496
HEURISTIC_SPLIT_24_LSD,B,96,3,Dec,2,quadratic,0:00:05.123586,OPTIMAL,124635541121,120127657173
HEURISTIC_SPLIT_24_LSD,B,96,3,Jul,2,constant,0:00:05.320574,OPTIMAL,124435068709,120107765812
HEURISTIC_SPLIT_24_LSD,B,96,3,Jul,2,exponential,0:00:05.406874,OPTIMAL,124447737848,120132866283
HEURISTIC_SPLIT_24_LSD,B,96,3,Jul,2,linear,0:00:04.881864,OPTIMAL,124441690333,120118516581
HEURISTIC_SPLIT_24_LSD,B,96,3,Jul,2,quadratic,0:00:05.378524,OPTIMAL,124433590182,120123932358
HEURISTIC_SPLIT_24_LSD,B,96,3,Sep,2,constant,0:00:04.837459,OPTIMAL,124436705464,120110107820
HEURISTIC_SPLIT_24_LSD,B,96,3,Sep,2,exponential,0:00:05.230876,OPTIMAL,124432635067,120133593156
HEURISTIC_SPLIT_24_LSD,B,96,3,Sep,2,linear,0:00:04.635182,OPTIMAL,124430538198,120120097849
HEURISTIC_SPLIT_24_LSD,B,96,3,Sep,2,quadratic,0:00:04.861347,OPTIMAL,124440803454,120125126982
HEURISTIC_SPLIT_24_LSD,B,96,4,Dec,2,constant,0:00:05.557341,OPTIMAL,124619220748,120040329028
HEURISTIC_SPLIT_24_LSD,B,96,4,Dec,2,exponential,0:00:05.211950,OPTIMAL,124628255064,120059691511
HEURISTIC_SPLIT_24_LSD,B,96,4,Dec,2,linear,0:00:05.427170,OPTIMAL,124629537657,120047867160
HEURISTIC_SPLIT_24_LSD,B,96,4,Dec,2,quadratic,0:00:05.233983,OPTIMAL,124633078380,120051993900
HEURISTIC_SPLIT_24_LSD,B,96,4,Jul,2,constant,0:00:05.367365,OPTIMAL,124618566676,120032142669
HEURISTIC_SPLIT_24_LSD,B,96,4,Jul,2,exponential,0:00:05.544131,OPTIMAL,124578136571,120057252267
HEURISTIC_SPLIT_24_LSD,B,96,4,Jul,2,linear,0:00:05.423675,OPTIMAL,124648066022,120042878854
HEURISTIC_SPLIT_24_LSD,B,96,4,Jul,2,quadratic,0:00:05.754562,OPTIMAL,124641096465,120048373573
HEURISTIC_SPLIT_24_LSD,B,96,4,Sep,2,constant,0:00:05.637540,OPTIMAL,124590546471,120034628634
HEURISTIC_SPLIT_24_LSD,B,96,4,Sep,2,exponential,0:00:05.236973,OPTIMAL,124642176181,120057977972
HEURISTIC_SPLIT_24_LSD,B,96,4,Sep,2,linear,0:00:05.761570,OPTIMAL,124630018302,120044600879
HEURISTIC_SPLIT_24_LSD,B,96,4,Sep,2,quadratic,0:00:05.340920,OPTIMAL,124638347934,120049502324
HEURISTIC_SPLIT_24_LSD,B,96,5,Dec,2,constant,0:00:06.235124,OPTIMAL,124544160040,120022321714
HEURISTIC_SPLIT_24_LSD,B,96,5,Dec,2,exponential,0:00:05.452769,OPTIMAL,124584525281,120041676195
HEURISTIC_SPLIT_24_LSD,B,96,5,Dec,2,linear,0:00:05.349989,OPTIMAL,124806279408,120029820499
HEURISTIC_SPLIT_24_LSD,B,96,5,Dec,2,quadratic,0:00:05.459451,OPTIMAL,124769857306,120033917324
HEURISTIC_SPLIT_24_LSD,B,96,5,Jul,2,constant,0:00:05.793646,OPTIMAL,124527669897,120014028968
HEURISTIC_SPLIT_24_LSD,B,96,5,Jul,2,exponential,0:00:05.426315,OPTIMAL,124573933912,120039118368
HEURISTIC_SPLIT_24_LSD,B,96,5,Jul,2,linear,0:00:05.994601,OPTIMAL,124579915977,120024706054
HEURISTIC_SPLIT_24_LSD,B,96,5,Jul,2,quadratic,0:00:05.522699,OPTIMAL,124584935482,120030156511
HEURISTIC_SPLIT_24_LSD,B,96,5,Sep,2,constant,0:00:06.501366,OPTIMAL,124543900911,120016483418
HEURISTIC_SPLIT_24_LSD,B,96,5,Sep,2,exponential,0:00:05.868990,OPTIMAL,124424860403,120040369043
HEURISTIC_SPLIT_24_LSD,B,96,5,Sep,2,linear,0:00:05.618767,OPTIMAL,124571922039,120026298574
HEURISTIC_SPLIT_24_LSD,B,96,5,Sep,2,quadratic,0:00:05.157705,OPTIMAL,124559924037,120031347702
HEURISTIC_SPLIT_48_EQUALS,B,96,1,Dec,2,constant,0:00:06.422659,OPTIMAL,126286807035,118818977290
HEURISTIC_SPLIT_48_EQUALS,B,96,1,Dec,2,exponential,0:00:07.375883,OPTIMAL,126287724966,118838262380
HEURISTIC_SPLIT_48_EQUALS,B,96,1,Dec,2,linear,0:00:07.289392,OPTIMAL,126434035585,118826679655
HEURISTIC_SPLIT_48_EQUALS,B,96,1,Dec,2,quadratic,0:00:07.199381,OPTIMAL,126343447195,118830623889
HEURISTIC_SPLIT_48_EQUALS,B,96,1,Jul,2,constant,0:00:06.575040,OPTIMAL,126280187240,118810810324
HEURISTIC_SPLIT_48_EQUALS,B,96,1,Jul,2,exponential,0:00:07.540323,OPTIMAL,126287441002,118835823566
HEURISTIC_SPLIT_48_EQUALS,B,96,1,Jul,2,linear,0:00:07.257629,OPTIMAL,126386699267,118821625819
HEURISTIC_SPLIT_48_EQUALS,B,96,1,Jul,2,quadratic,0:00:07.616233,OPTIMAL,126356896242,118826999785
HEURISTIC_SPLIT_48_EQUALS,B,96,1,Sep,2,constant,0:00:06.531111,OPTIMAL,126280581231,118813120570
HEURISTIC_SPLIT_48_EQUALS,B,96,1,Sep,2,exponential,0:00:07.354131,OPTIMAL,126296871568,118836550840
HEURISTIC_SPLIT_48_EQUALS,B,96,1,Sep,2,linear,0:00:06.597541,OPTIMAL,126332535041,118823264075
HEURISTIC_SPLIT_48_EQUALS,B,96,1,Sep,2,quadratic,0:00:07.294819,OPTIMAL,126322251101,118828127752
HEURISTIC_SPLIT_48_EQUALS,B,96,2,Dec,2,constant,0:00:07.340334,OPTIMAL,125763753016,118828593673
HEURISTIC_SPLIT_48_EQUALS,B,96,2,Dec,2,exponential,0:00:07.089714,OPTIMAL,125766231434,118847885107
HEURISTIC_SPLIT_48_EQUALS,B,96,2,Dec,2,linear,0:00:07.347265,OPTIMAL,125770359430,118836309939
HEURISTIC_SPLIT_48_EQUALS,B,96,2,Dec,2,quadratic,0:00:06.938541,OPTIMAL,125810598993,118840254242
HEURISTIC_SPLIT_48_EQUALS,B,96,2,Jul,2,constant,0:00:07.749477,OPTIMAL,125752363646,118820428862
HEURISTIC_SPLIT_48_EQUALS,B,96,2,Jul,2,exponential,0:00:07.045508,OPTIMAL,125824944832,118845443400
HEURISTIC_SPLIT_48_EQUALS,B,96,2,Jul,2,linear,0:00:07.697346,OPTIMAL,125722106720,118831268315
HEURISTIC_SPLIT_48_EQUALS,B,96,2,Jul,2,quadratic,0:00:07.241284,OPTIMAL,125690696657,118836593068
HEURISTIC_SPLIT_48_EQUALS,B,96,2,Sep,2,constant,0:00:07.453155,OPTIMAL,125756969265,118822742034
HEURISTIC_SPLIT_48_EQUALS,B,96,2,Sep,2,exponential,0:00:06.909269,OPTIMAL,125769140894,118846171245
HEURISTIC_SPLIT_48_EQUALS,B,96,2,Sep,2,linear,0:00:07.572132,OPTIMAL,125770344144,118832903641
HEURISTIC_SPLIT_48_EQUALS,B,96,2,Sep,2,quadratic,0:00:07.306834,OPTIMAL,125754177416,118837755032
HEURISTIC_SPLIT_48_EQUALS,B,96,3,Dec,2,constant,0:00:06.796472,OPTIMAL,126004031729,118833599654
HEURISTIC_SPLIT_48_EQUALS,B,96,3,Dec,2,exponential,0:00:07.281409,OPTIMAL,126035299493,118852896728
HEURISTIC_SPLIT_48_EQUALS,B,96,3,Dec,2,linear,0:00:06.665356,OPTIMAL,126030249007,118841319259
HEURISTIC_SPLIT_48_EQUALS,B,96,3,Dec,2,quadratic,0:00:07.249380,OPTIMAL,126079796246,118845265985
HEURISTIC_SPLIT_48_EQUALS,B,96,3,Jul,2,constant,0:00:06.766325,OPTIMAL,126025556814,118825427202
HEURISTIC_SPLIT_48_EQUALS,B,96,3,Jul,2,exponential,0:00:07.477523,OPTIMAL,126079482398,118850457465
HEURISTIC_SPLIT_48_EQUALS,B,96,3,Jul,2,linear,0:00:07.435121,OPTIMAL,126047042549,118836326299
HEURISTIC_SPLIT_48_EQUALS,B,96,3,Jul,2,quadratic,0:00:06.878611,OPTIMAL,126043412562,118841578771
HEURISTIC_SPLIT_48_EQUALS,B,96,3,Sep,2,constant,0:00:06.809985,OPTIMAL,126000150259,118827740234
HEURISTIC_SPLIT_48_EQUALS,B,96,3,Sep,2,exponential,0:00:07.703548,OPTIMAL,126031811778,118851185112
HEURISTIC_SPLIT_48_EQUALS,B,96,3,Sep,2,linear,0:00:06.804191,OPTIMAL,126024904428,118837907754
HEURISTIC_SPLIT_48_EQUALS,B,96,3,Sep,2,quadratic,0:00:06.740848,OPTIMAL,126030022920,118842775328
HEURISTIC_SPLIT_48_EQUALS,B,96,4,Dec,2,constant,0:00:07.514277,OPTIMAL,126128732099,118770042535
HEURISTIC_SPLIT_48_EQUALS,B,96,4,Dec,2,exponential,0:00:07.534599,OPTIMAL,126134765380,118789329041
HEURISTIC_SPLIT_48_EQUALS,B,96,4,Dec,2,linear,0:00:07.564852,OPTIMAL,126125198374,118777751127
HEURISTIC_SPLIT_48_EQUALS,B,96,4,Dec,2,quadratic,0:00:07.763216,OPTIMAL,126204602856,118781693740
HEURISTIC_SPLIT_48_EQUALS,B,96,4,Jul,2,constant,0:00:07.693935,OPTIMAL,126128656539,118761880359
HEURISTIC_SPLIT_48_EQUALS,B,96,4,Jul,2,exponential,0:00:08.072199,OPTIMAL,126158212293,118786919866
HEURISTIC_SPLIT_48_EQUALS,B,96,4,Jul,2,linear,0:00:07.655373,OPTIMAL,126210282054,118772704992
HEURISTIC_SPLIT_48_EQUALS,B,96,4,Jul,2,quadratic,0:00:07.565831,OPTIMAL,126138653155,118778008530
HEURISTIC_SPLIT_48_EQUALS,B,96,4,Sep,2,constant,0:00:07.624911,OPTIMAL,126149294884,118764200973
HEURISTIC_SPLIT_48_EQUALS,B,96,4,Sep,2,exponential,0:00:07.607732,OPTIMAL,126139205961,118787619361
HEURISTIC_SPLIT_48_EQUALS,B,96,4,Sep,2,linear,0:00:07.590574,OPTIMAL,126210896474,118774371320
HEURISTIC_SPLIT_48_EQUALS,B,96,4,Sep,2,quadratic,0:00:07.761498,OPTIMAL,126163932932,118779203233
HEURISTIC_SPLIT_48_EQUALS,B,96,5,Dec,2,constant,0:00:07.297780,OPTIMAL,126638753346,118825942206
HEURISTIC_SPLIT_48_EQUALS,B,96,5,Dec,2,exponential,0:00:06.713160,OPTIMAL,126642414398,118845242574
HEURISTIC_SPLIT_48_EQUALS,B,96,5,Dec,2,linear,0:00:07.065230,OPTIMAL,126632252632,118833656636
HEURISTIC_SPLIT_48_EQUALS,B,96,5,Dec,2,quadratic,0:00:06.926483,OPTIMAL,126768545180,118837605733
HEURISTIC_SPLIT_48_EQUALS,B,96,5,Jul,2,constant,0:00:07.298921,OPTIMAL,126648749037,118817782144
HEURISTIC_SPLIT_48_EQUALS,B,96,5,Jul,2,exponential,0:00:06.864941,OPTIMAL,126640410187,118842804300
HEURISTIC_SPLIT_48_EQUALS,B,96,5,Jul,2,linear,0:00:07.275655,OPTIMAL,126753743911,118828615067
HEURISTIC_SPLIT_48_EQUALS,B,96,5,Jul,2,quadratic,0:00:07.441328,OPTIMAL,126628100701,118833924650
HEURISTIC_SPLIT_48_EQUALS,B,96,5,Sep,2,constant,0:00:07.642920,OPTIMAL,126640511707,118820106391
HEURISTIC_SPLIT_48_EQUALS,B,96,5,Sep,2,exponential,0:00:06.828418,OPTIMAL,126637988135,118843531045
HEURISTIC_SPLIT_48_EQUALS,B,96,5,Sep,2,linear,0:00:07.309540,OPTIMAL,126734998804,118830253180
HEURISTIC_SPLIT_48_EQUALS,B,96,5,Sep,2,quadratic,0:00:07.360097,OPTIMAL,126725765557,118835118573
HEURISTIC_SPLIT_48_LAD,B,96,1,Dec,2,constant,0:00:06.005396,OPTIMAL,125384473648,118933799094
HEURISTIC_SPLIT_48_LAD,B,96,1,Dec,2,exponential,0:00:05.971880,OPTIMAL,125387152547,118953111679
HEURISTIC_SPLIT_48_LAD,B,96,1,Dec,2,linear,0:00:06.041461,OPTIMAL,125390271434,118941445598
HEURISTIC_SPLIT_48_LAD,B,96,1,Dec,2,quadratic,0:00:06.127175,OPTIMAL,125381890858,118945457168
HEURISTIC_SPLIT_48_LAD,B,96,1,Jul,2,constant,0:00:06.225460,OPTIMAL,125358873906,118925619169
HEURISTIC_SPLIT_48_LAD,B,96,1,Jul,2,exponential,0:00:06.401205,OPTIMAL,125424567051,118950672886
HEURISTIC_SPLIT_48_LAD,B,96,1,Jul,2,linear,0:00:06.562717,OPTIMAL,125408721899,118936432606
HEURISTIC_SPLIT_48_LAD,B,96,1,Jul,2,quadratic,0:00:06.351578,OPTIMAL,125385829921,118941779009
HEURISTIC_SPLIT_48_LAD,B,96,1,Sep,2,constant,0:00:06.208685,OPTIMAL,125374779943,118927969092
HEURISTIC_SPLIT_48_LAD,B,96,1,Sep,2,exponential,0:00:06.067177,OPTIMAL,125383286479,118951399001
HEURISTIC_SPLIT_48_LAD,B,96,1,Sep,2,linear,0:00:06.331180,OPTIMAL,125380507335,118938047250
HEURISTIC_SPLIT_48_LAD,B,96,1,Sep,2,quadratic,0:00:06.655583,OPTIMAL,125363200654,118943080731
HEURISTIC_SPLIT_48_LAD,B,96,2,Dec,2,constant,0:00:06.199880,OPTIMAL,125041397972,118943237926
HEURISTIC_SPLIT_48_LAD,B,96,2,Dec,2,exponential,0:00:06.127005,OPTIMAL,125056911927,118962552148
HEURISTIC_SPLIT_48_LAD,B,96,2,Dec,2,linear,0:00:06.193629,OPTIMAL,125043854100,118950892647
HEURISTIC_SPLIT_48_LAD,B,96,2,Dec,2,quadratic,0:00:06.349118,OPTIMAL,125058871323,118954896102
HEURISTIC_SPLIT_48_LAD,B,96,2,Jul,2,constant,0:00:06.416712,OPTIMAL,125035767490,118935062997
HEURISTIC_SPLIT_48_LAD,B,96,2,Jul,2,exponential,0:00:06.288526,OPTIMAL,125089832983,118960112766
HEURISTIC_SPLIT_48_LAD,B,96,2,Jul,2,linear,0:00:06.490964,OPTIMAL,125049112084,118945879760
HEURISTIC_SPLIT_48_LAD,B,96,2,Jul,2,quadratic,0:00:06.403358,OPTIMAL,125024293713,118951218471
HEURISTIC_SPLIT_48_LAD,B,96,2,Sep,2,constant,0:00:06.313926,OPTIMAL,125013018463,118937410512
HEURISTIC_SPLIT_48_LAD,B,96,2,Sep,2,exponential,0:00:06.213212,OPTIMAL,125049078298,118960839583
HEURISTIC_SPLIT_48_LAD,B,96,2,Sep,2,linear,0:00:06.304573,OPTIMAL,125041180852,118947492092
HEURISTIC_SPLIT_48_LAD,B,96,2,Sep,2,quadratic,0:00:06.472312,OPTIMAL,125034050860,118952410544
HEURISTIC_SPLIT_48_LAD,B,96,3,Dec,2,constant,0:00:06.962748,OPTIMAL,125327589852,118963174260
HEURISTIC_SPLIT_48_LAD,B,96,3,Dec,2,exponential,0:00:06.594674,OPTIMAL,125317589835,118982490749
HEURISTIC_SPLIT_48_LAD,B,96,3,Dec,2,linear,0:00:06.117396,OPTIMAL,125322266480,118970819101
HEURISTIC_SPLIT_48_LAD,B,96,3,Dec,2,quadratic,0:00:06.513172,OPTIMAL,125370476911,118974827178
HEURISTIC_SPLIT_48_LAD,B,96,3,Jul,2,constant,0:00:06.300314,OPTIMAL,125353293342,118954917972
HEURISTIC_SPLIT_48_LAD,B,96,3,Jul,2,exponential,0:00:06.719333,OPTIMAL,125342145525,118979981185
HEURISTIC_SPLIT_48_LAD,B,96,3,Jul,2,linear,0:00:06.337496,OPTIMAL,125374304460,118965725773
HEURISTIC_SPLIT_48_LAD,B,96,3,Jul,2,quadratic,0:00:06.891872,OPTIMAL,125366924428,118971073671
HEURISTIC_SPLIT_48_LAD,B,96,3,Sep,2,constant,0:00:06.190009,OPTIMAL,125356275463,118957269557
HEURISTIC_SPLIT_48_LAD,B,96,3,Sep,2,exponential,0:00:06.781265,OPTIMAL,125333735388,118980708602
HEURISTIC_SPLIT_48_LAD,B,96,3,Sep,2,linear,0:00:06.640619,OPTIMAL,125361399530,118967342686
HEURISTIC_SPLIT_48_LAD,B,96,3,Sep,2,quadratic,0:00:06.689235,OPTIMAL,125343853295,118972266486
HEURISTIC_SPLIT_48_LAD,B,96,4,Dec,2,constant,0:00:06.988556,OPTIMAL,124737585406,118886175537
HEURISTIC_SPLIT_48_LAD,B,96,4,Dec,2,exponential,0:00:06.655215,OPTIMAL,124729626655,118905485989
HEURISTIC_SPLIT_48_LAD,B,96,4,Dec,2,linear,0:00:06.814920,OPTIMAL,124741328806,118893821744
HEURISTIC_SPLIT_48_LAD,B,96,4,Dec,2,quadratic,0:00:07.482770,OPTIMAL,124724862173,118898264462
HEURISTIC_SPLIT_48_LAD,B,96,4,Jul,2,constant,0:00:07.318518,OPTIMAL,124751710673,118878041807
HEURISTIC_SPLIT_48_LAD,B,96,4,Jul,2,exponential,0:00:07.029775,OPTIMAL,124821917522,118903076938
HEURISTIC_SPLIT_48_LAD,B,96,4,Jul,2,linear,0:00:07.082710,OPTIMAL,124784496592,118888796127
HEURISTIC_SPLIT_48_LAD,B,96,4,Jul,2,quadratic,0:00:07.164258,OPTIMAL,124763120530,118894148165
HEURISTIC_SPLIT_48_LAD,B,96,4,Sep,2,constant,0:00:07.220686,OPTIMAL,124746341203,118880342821
HEURISTIC_SPLIT_48_LAD,B,96,4,Sep,2,exponential,0:00:06.860600,OPTIMAL,124740587790,118903774634
HEURISTIC_SPLIT_48_LAD,B,96,4,Sep,2,linear,0:00:07.766587,OPTIMAL,124739458031,118890574151
HEURISTIC_SPLIT_48_LAD,B,96,4,Sep,2,quadratic,0:00:07.026805,OPTIMAL,124745674879,118895341036
HEURISTIC_SPLIT_48_LAD,B,96,5,Dec,2,constant,0:00:07.104522,OPTIMAL,125571775978,118938845478
HEURISTIC_SPLIT_48_LAD,B,96,5,Dec,2,exponential,0:00:06.499071,OPTIMAL,125580653230,118958156980
HEURISTIC_SPLIT_48_LAD,B,96,5,Dec,2,linear,0:00:06.390754,OPTIMAL,125569624305,118946495385
HEURISTIC_SPLIT_48_LAD,B,96,5,Dec,2,quadratic,0:00:06.551054,OPTIMAL,125568002374,118950502485
HEURISTIC_SPLIT_48_LAD,B,96,5,Jul,2,constant,0:00:06.954253,OPTIMAL,125569367520,118930553028
HEURISTIC_SPLIT_48_LAD,B,96,5,Jul,2,exponential,0:00:06.254122,OPTIMAL,125618957207,118955604670
HEURISTIC_SPLIT_48_LAD,B,96,5,Jul,2,linear,0:00:07.162109,OPTIMAL,125550724432,118941359229
HEURISTIC_SPLIT_48_LAD,B,96,5,Jul,2,quadratic,0:00:06.596279,OPTIMAL,125542044943,118946824303
HEURISTIC_SPLIT_48_LAD,B,96,5,Sep,2,constant,0:00:07.510175,OPTIMAL,125575842275,118933012910
HEURISTIC_SPLIT_48_LAD,B,96,5,Sep,2,exponential,0:00:06.139148,OPTIMAL,125561900495,118956330577
HEURISTIC_SPLIT_48_LAD,B,96,5,Sep,2,linear,0:00:06.675437,OPTIMAL,125563136159,118942977156
HEURISTIC_SPLIT_48_LAD,B,96,5,Sep,2,quadratic,0:00:06.297598,OPTIMAL,125567232533,118947900973
HEURISTIC_SPLIT_48_LSD,B,96,1,Dec,2,constant,0:00:05.882627,OPTIMAL,126004206749,118921991159
HEURISTIC_SPLIT_48_LSD,B,96,1,Dec,2,exponential,0:00:05.825488,OPTIMAL,126008850076,118941302011
HEURISTIC_SPLIT_48_LSD,B,96,1,Dec,2,linear,0:00:05.900504,OPTIMAL,126006707685,118929657756
HEURISTIC_SPLIT_48_LSD,B,96,1,Dec,2,quadratic,0:00:06.020234,OPTIMAL,126003256133,118933635910
HEURISTIC_SPLIT_48_LSD,B,96,1,Jul,2,constant,0:00:06.070479,OPTIMAL,125991093783,118913810066
HEURISTIC_SPLIT_48_LSD,B,96,1,Jul,2,exponential,0:00:06.246250,OPTIMAL,126041808175,118938864071
HEURISTIC_SPLIT_48_LSD,B,96,1,Jul,2,linear,0:00:06.286279,OPTIMAL,126030879031,118924631017
HEURISTIC_SPLIT_48_LSD,B,96,1,Jul,2,quadratic,0:00:06.521196,OPTIMAL,127756607909,118930209248
HEURISTIC_SPLIT_48_LSD,B,96,1,Sep,2,constant,0:00:06.051458,OPTIMAL,126002492599,118916154530
HEURISTIC_SPLIT_48_LSD,B,96,1,Sep,2,exponential,0:00:06.105651,OPTIMAL,125995143475,118939589929
HEURISTIC_SPLIT_48_LSD,B,96,1,Sep,2,linear,0:00:06.176988,OPTIMAL,125993677733,118926249511
HEURISTIC_SPLIT_48_LSD,B,96,1,Sep,2,quadratic,0:00:06.568927,OPTIMAL,125998955535,118931265884
HEURISTIC_SPLIT_48_LSD,B,96,2,Dec,2,constant,0:00:06.184460,OPTIMAL,125471302426,118954103269
HEURISTIC_SPLIT_48_LSD,B,96,2,Dec,2,exponential,0:00:06.149056,OPTIMAL,125474717618,118973415933
HEURISTIC_SPLIT_48_LSD,B,96,2,Dec,2,linear,0:00:06.657861,OPTIMAL,125465446545,118962213455
HEURISTIC_SPLIT_48_LSD,B,96,2,Dec,2,quadratic,0:00:06.388702,OPTIMAL,125475451794,118965743556
HEURISTIC_SPLIT_48_LSD,B,96,2,Jul,2,constant,0:00:06.397248,OPTIMAL,125458569438,118945929663
HEURISTIC_SPLIT_48_LSD,B,96,2,Jul,2,exponential,0:00:06.303109,OPTIMAL,125514217315,118970978038
HEURISTIC_SPLIT_48_LSD,B,96,2,Jul,2,linear,0:00:06.502451,OPTIMAL,125468090556,118956724715
HEURISTIC_SPLIT_48_LSD,B,96,2,Jul,2,quadratic,0:00:06.421873,OPTIMAL,125451635443,118962076213
HEURISTIC_SPLIT_48_LSD,B,96,2,Sep,2,constant,0:00:06.299266,OPTIMAL,125443859345,118948273081
HEURISTIC_SPLIT_48_LSD,B,96,2,Sep,2,exponential,0:00:06.290823,OPTIMAL,125473218387,118971704598
HEURISTIC_SPLIT_48_LSD,B,96,2,Sep,2,linear,0:00:06.356650,OPTIMAL,125472972281,118958343401
HEURISTIC_SPLIT_48_LSD,B,96,2,Sep,2,quadratic,0:00:06.757459,OPTIMAL,125450207655,118963271248
HEURISTIC_SPLIT_48_LSD,B,96,3,Dec,2,constant,0:00:06.394666,OPTIMAL,125779280641,118944837781
HEURISTIC_SPLIT_48_LSD,B,96,3,Dec,2,exponential,0:00:06.555061,OPTIMAL,125770947548,118964152976
HEURISTIC_SPLIT_48_LSD,B,96,3,Dec,2,linear,0:00:06.529706,OPTIMAL,125782532870,118952505463
HEURISTIC_SPLIT_48_LSD,B,96,3,Dec,2,quadratic,0:00:06.462028,OPTIMAL,125817425569,118956486174
HEURISTIC_SPLIT_48_LSD,B,96,3,Jul,2,constant,0:00:06.523336,OPTIMAL,125799624460,118936582337
HEURISTIC_SPLIT_48_LSD,B,96,3,Jul,2,exponential,0:00:06.795917,OPTIMAL,125793532574,118961644262
HEURISTIC_SPLIT_48_LSD,B,96,3,Jul,2,linear,0:00:06.277721,OPTIMAL,125810606352,118947400857
HEURISTIC_SPLIT_48_LSD,B,96,3,Jul,2,quadratic,0:00:06.822950,OPTIMAL,125776900662,118952798499
HEURISTIC_SPLIT_48_LSD,B,96,3,Sep,2,constant,0:00:06.012615,OPTIMAL,125812613119,118938929519
HEURISTIC_SPLIT_48_LSD,B,96,3,Sep,2,exponential,0:00:06.688594,OPTIMAL,125788495783,118962371462
HEURISTIC_SPLIT_48_LSD,B,96,3,Sep,2,linear,0:00:06.150741,OPTIMAL,125803205017,118949023816
HEURISTIC_SPLIT_48_LSD,B,96,3,Sep,2,quadratic,0:00:06.833624,OPTIMAL,125786133848,118953935915
HEURISTIC_SPLIT_48_LSD,B,96,4,Dec,2,constant,0:00:06.843474,OPTIMAL,125901593741,118878022201
HEURISTIC_SPLIT_48_LSD,B,96,4,Dec,2,exponential,0:00:06.535505,OPTIMAL,125892526343,118897330273
HEURISTIC_SPLIT_48_LSD,B,96,4,Dec,2,linear,0:00:06.812634,OPTIMAL,125897219448,118885666862
HEURISTIC_SPLIT_48_LSD,B,96,4,Dec,2,quadratic,0:00:07.418169,OPTIMAL,125880445058,118890100733
HEURISTIC_SPLIT_48_LSD,B,96,4,Jul,2,constant,0:00:07.434388,OPTIMAL,125915719009,118869890689
HEURISTIC_SPLIT_48_LSD,B,96,4,Jul,2,exponential,0:00:06.802538,OPTIMAL,125979310807,118894921624
HEURISTIC_SPLIT_48_LSD,B,96,4,Jul,2,linear,0:00:07.294270,OPTIMAL,125934152435,118880637805
HEURISTIC_SPLIT_48_LSD,B,96,4,Jul,2,quadratic,0:00:07.262611,OPTIMAL,125919147456,118885993593
HEURISTIC_SPLIT_48_LSD,B,96,4,Sep,2,constant,0:00:07.043683,OPTIMAL,125910572029,118872188056
HEURISTIC_SPLIT_48_LSD,B,96,4,Sep,2,exponential,0:00:06.750302,OPTIMAL,125899598702,118895619320
HEURISTIC_SPLIT_48_LSD,B,96,4,Sep,2,linear,0:00:07.467425,OPTIMAL,125885949264,118882419370
HEURISTIC_SPLIT_48_LSD,B,96,4,Sep,2,quadratic,0:00:07.136912,OPTIMAL,125905409490,118887189077
HEURISTIC_SPLIT_48_LSD,B,96,5,Dec,2,constant,0:00:06.723382,OPTIMAL,126108919715,118930268172
HEURISTIC_SPLIT_48_LSD,B,96,5,Dec,2,exponential,0:00:06.743806,OPTIMAL,126103032120,118949921963
HEURISTIC_SPLIT_48_LSD,B,96,5,Dec,2,linear,0:00:06.353821,OPTIMAL,126113433947,118937932314
HEURISTIC_SPLIT_48_LSD,B,96,5,Dec,2,quadratic,0:00:06.308724,OPTIMAL,126110574926,118941908779
HEURISTIC_SPLIT_48_LSD,B,96,5,Jul,2,constant,0:00:06.686641,OPTIMAL,126102659674,118921976047
HEURISTIC_SPLIT_48_LSD,B,96,5,Jul,2,exponential,0:00:06.102844,OPTIMAL,126148945041,118947026637
HEURISTIC_SPLIT_48_LSD,B,96,5,Jul,2,linear,0:00:06.466881,OPTIMAL,126083139829,118932793004
HEURISTIC_SPLIT_48_LSD,B,96,5,Jul,2,quadratic,0:00:06.472662,OPTIMAL,126080725578,118938240788
HEURISTIC_SPLIT_48_LSD,B,96,5,Sep,2,constant,0:00:06.782242,OPTIMAL,126111807149,118924433449
HEURISTIC_SPLIT_48_LSD,B,96,5,Sep,2,exponential,0:00:06.029391,OPTIMAL,126098554158,118947752832
HEURISTIC_SPLIT_48_LSD,B,96,5,Sep,2,linear,0:00:06.526215,OPTIMAL,126106894547,118934411725
HEURISTIC_SPLIT_48_LSD,B,96,5,Sep,2,quadratic,0:00:06.162670,OPTIMAL,126101374876,118939320423
NORMAL,B,96,1,Dec,2,constant,0:28:28.258325,OPTIMAL,121290169910,121120369748
NORMAL,B,96,1,Dec,2,exponential,0:30:10.627059,OPTIMAL,121292911227,121125199246
NORMAL,B,96,1,Dec,2,linear,0:31:48.327737,OPTIMAL,121290228858,121122275995
NORMAL,B,96,1,Dec,2,quadratic,0:32:49.011499,OPTIMAL,121284603393,121123265915
NORMAL,B,96,1,Jul,2,constant,0:33:59.193675,OPTIMAL,121283516981,121118296069
NORMAL,B,96,1,Jul,2,exponential,0:37:02.691208,OPTIMAL,121294856684,121124587799
NORMAL,B,96,1,Jul,2,linear,0:34:27.864265,OPTIMAL,121290309190,121121002334
NORMAL,B,96,1,Jul,2,quadratic,0:52:50.389454,OPTIMAL,121283398712,121122344095
NORMAL,B,96,1,Sep,2,constant,0:25:47.999288,OPTIMAL,121539560159,121118885111
NORMAL,B,96,1,Sep,2,exponential,0:25:43.650653,OPTIMAL,121378666113,121124769172
NORMAL,B,96,1,Sep,2,linear,0:46:56.103203,OPTIMAL,121282572373,121121408592
NORMAL,B,96,1,Sep,2,quadratic,0:32:54.162402,OPTIMAL,121307698645,121122643439
NORMAL,B,96,2,Dec,2,constant,0:33:55.851852,OPTIMAL,121293983023,121130819183
NORMAL,B,96,2,Dec,2,exponential,0:38:07.119192,OPTIMAL,121301856475,121135649143
NORMAL,B,96,2,Dec,2,linear,1:00:43.363302,OPTIMAL,121293220087,121132724236
NORMAL,B,96,2,Dec,2,quadratic,0:32:58.542317,OPTIMAL,121299009545,121133714951
NORMAL,B,96,2,Jul,2,constant,0:54:37.037341,OPTIMAL,121297115066,121128746644
NORMAL,B,96,2,Jul,2,exponential,0:43:12.467518,OPTIMAL,121301646224,121135037487
NORMAL,B,96,2,Jul,2,linear,0:39:34.303785,OPTIMAL,121300224042,121131452175
NORMAL,B,96,2,Jul,2,quadratic,0:49:28.592517,OPTIMAL,121307774987,121132794845
NORMAL,B,96,2,Sep,2,constant,0:52:44.491293,OPTIMAL,121295623766,121129336036
NORMAL,B,96,2,Sep,2,exponential,0:31:37.138554,OPTIMAL,121302292754,121135219020
NORMAL,B,96,2,Sep,2,linear,0:46:10.756110,OPTIMAL,121350025812,121131858184
NORMAL,B,96,2,Sep,2,quadratic,0:58:02.234929,OPTIMAL,121295489156,121133094022
NORMAL,B,96,3,Dec,2,constant,0:36:41.532371,OPTIMAL,121215870343,121147139156
NORMAL,B,96,3,Dec,2,exponential,0:28:17.500117,OPTIMAL,121224134752,121151969564
NORMAL,B,96,3,Dec,2,linear,0:53:01.632739,OPTIMAL,121217048312,121149047735
NORMAL,B,96,3,Dec,2,quadratic,0:28:31.084363,OPTIMAL,121445862517,121150040431
NORMAL,B,96,3,Jul,2,constant,0:32:49.931348,OPTIMAL,121224116992,121145064804
NORMAL,B,96,3,Jul,2,exponential,0:50:01.227594,OPTIMAL,121230539574,121151357802
NORMAL,B,96,3,Jul,2,linear,0:33:52.614571,OPTIMAL,121239225797,121147774052
NORMAL,B,96,3,Jul,2,quadratic,0:49:03.628514,OPTIMAL,121220298461,121149117928
NORMAL,B,96,3,Sep,2,constant,0:33:21.334264,OPTIMAL,121220050138,121145653973
NORMAL,B,96,3,Sep,2,exponential,0:28:59.436842,OPTIMAL,121232917590,121151539483
NORMAL,B,96,3,Sep,2,linear,0:30:49.183514,OPTIMAL,121463464722,121148180432
NORMAL,B,96,3,Sep,2,quadratic,0:27:29.222617,OPTIMAL,121236386462,121149417679
NORMAL,B,96,4,Dec,2,constant,0:33:56.616775,OPTIMAL,121126368471,121065763196
NORMAL,B,96,4,Dec,2,exponential,0:27:25.577729,OPTIMAL,121128382210,121070593047
NORMAL,B,96,4,Dec,2,linear,0:33:53.477412,OPTIMAL,121132910797,121067668393
NORMAL,B,96,4,Dec,2,quadratic,0:33:34.604703,OPTIMAL,121130983821,121068658819
NORMAL,B,96,4,Jul,2,constant,0:32:08.838840,OPTIMAL,121134058671,121063691101
NORMAL,B,96,4,Jul,2,exponential,0:39:20.768750,OPTIMAL,121129970385,121069981781
NORMAL,B,96,4,Jul,2,linear,0:33:12.307686,OPTIMAL,121119658898,121066393523
NORMAL,B,96,4,Jul,2,quadratic,0:32:22.587659,OPTIMAL,121138671794,121067738848
NORMAL,B,96,4,Sep,2,constant,0:36:58.361283,OPTIMAL,121122239321,121064280172
NORMAL,B,96,4,Sep,2,exponential,0:33:29.565869,OPTIMAL,121127772054,121070163185
NORMAL,B,96,4,Sep,2,linear,0:32:51.703185,OPTIMAL,121332884551,121066800351
NORMAL,B,96,4,Sep,2,quadratic,0:27:29.366702,OPTIMAL,121336731754,121068038271
NORMAL,B,96,5,Dec,2,constant,0:26:35.648829,OPTIMAL,121333695350,121106981890
NORMAL,B,96,5,Dec,2,exponential,0:31:53.916181,OPTIMAL,121207658698,121111812964
NORMAL,B,96,5,Dec,2,linear,0:33:50.287175,OPTIMAL,121211750779,121108888454
NORMAL,B,96,5,Dec,2,quadratic,0:33:51.672513,OPTIMAL,121225927877,121109878841
NORMAL,B,96,5,Jul,2,constant,0:30:05.618353,OPTIMAL,121206752201,121104911246
NORMAL,B,96,5,Jul,2,exponential,0:38:13.612448,OPTIMAL,121208803169,121111201629
NORMAL,B,96,5,Jul,2,linear,0:57:15.556997,OPTIMAL,121206323195,121107616346
NORMAL,B,96,5,Jul,2,quadratic,0:33:07.281826,OPTIMAL,121229722674,121108957789
NORMAL,B,96,5,Sep,2,constant,0:27:27.136404,OPTIMAL,121342688635,121105500413
NORMAL,B,96,5,Sep,2,exponential,0:29:22.525011,OPTIMAL,121222847226,121111382945
NORMAL,B,96,5,Sep,2,linear,0:35:46.136895,OPTIMAL,121207206613,121108022383
NORMAL,B,96,5,Sep,2,quadratic,0:34:32.094710,OPTIMAL,121206668242,121109257227
